Workbook

Sheet OIK104corrected
A1: RECIPE CODE | B1: RECIPENAME | C1: NEW RECIPE NAME | D1: INGREDIENT CODE | E1: IME CODE | F1: INGREDIENT | G1: NEW INGREDIENT | H1: GRAMS / TMX | I1: CATEGORY | J1: KG / TMX | K1: Cost per Kg | L1: costcost | M1: OIK104 MENU | N1: Ingredient (from Ingredient Name) | O1: Kg per Recipe | P1: Cost per Recipe | Q1: costcosrecipe | R1: OIK104 MENU copy | S1: CATEGORY_ | T1: RESTAURANT (from OIK104 MENU) | U1: OIK512 MENU INGREDIENTS_ | V1: RESTAURANT (from OIK512 MENU_) (from OIK512 MENU INGREDIENTS_) | W1: Column1 | X1: Column2 | Y1: Column3 | Z1: Column4 | AA1: Column5 | AB1: ΣΧΟΛΙΑ
A2: U6153 | B2: 4 ΕΠΟΧΕΣ | D2: =VLOOKUP(F:F,Sheet1!A:B,2,FALSE) -> U3066 | F2: ΕΝΤΑΜ | H2: 90 | I2: ΠΙΤΣΑ | J2: 1000 | K2: 7.2 | L2: 7.2 | N2: ΕΝΤΑΜ | O2: 0.09 | P2: 0.65 | Q2: 0.65 | S2: ΠΙΤΣΑ | U2: 4 ΕΠΟΧΕΣ | V2: OIK512
A3: U6153 | B3: 4 ΕΠΟΧΕΣ | D3: =VLOOKUP(F:F,Sheet1!A:B,2,FALSE) -> U3075 | F3: ΖΥΜΗ ΠΙΤΣΑΣ 54 ΜΕΡΙΔΕΣ | H3: 1 | I3: ΠΙΤΣΑ | J3: 1 | L3: 0.45 | N3: ΖΥΜΗ ΠΙΤΣΑΣ 54 ΜΕΡΙΔΕΣ | O3: 1 | P3: 0 | Q3: 0.45 | S3: ΠΙΤΣΑ | U3: 4 ΕΠΟΧΕΣ | V3: OIK512
A4: U6153 | B4: 4 ΕΠΟΧΕΣ | D4: =VLOOKUP(F:F,Sheet1!A:B,2,FALSE) -> U3143 | F4: ΜΑΝΙΤΑΡΙΑ | H4: 40 | I4: ΠΙΤΣΑ | J4: 1000 | K4: 2.14 | L4: 2.14 | N4: ΜΑΝΙΤΑΡΙΑ | O4: 0.04 | P4: 0.09 | Q4: 0.09 | S4: ΠΙΤΣΑ | U4: 4 ΕΠΟΧΕΣ | V4: OIK512
A5: U6153 | B5: 4 ΕΠΟΧΕΣ | D5: =VLOOKUP(F:F,Sheet1!A:B,2,FALSE) -> U3164 | F5: ΜΟΤΣΑΡΕΛΑ | H5: 90 | I5: ΠΙΤΣΑ | J5: 1000 | K5: 6.74 | L5: 6.74 | N5: ΜΟΤΣΑΡΕΛΑ | O5: 0.09 | P5: 0.61 | Q5: 0.61 | S5: ΠΙΤΣΑ | U5: 4 ΕΠΟΧΕΣ | V5: OIK512
A6: U6153 | B6: 4 ΕΠΟΧΕΣ | D6: =VLOOKUP(F:F,Sheet1!A:B,2,FALSE) -> U3170 | F6: ΜΠΕΙΚΟΝ ΚΑΠΝΙΣΤΟ | H6: 40 | I6: ΠΙΤΣΑ | J6: 1000 | K6: 5.31 | L6: 5.31 | N6: ΜΠΕΙΚΟΝ ΚΑΠΝΙΣΤΟ | O6: 0.04 | P6: 0.21 | Q6: 0.21 | S6: ΠΙΤΣΑ | U6: 4 ΕΠΟΧΕΣ | V6: OIK512
A7: U6153 | B7: 4 ΕΠΟΧΕΣ | D7: =VLOOKUP(F:F,Sheet1!A:B,2,FALSE) -> U3207 | F7: ΠΕΠΕΡΟΝΙ | H7: 30 | I7: ΠΙΤΣΑ | J7: 1000 | K7: 4.18 | L7: 4.18 | N7: ΠΕΠΕΡΟΝΙ | O7: 0.03 | P7: 0.13 | Q7: 0.13 | S7: ΠΙΤΣΑ | U7: 4 ΕΠΟΧΕΣ | V7: OIK512
A8: U6153 | B8: 4 ΕΠΟΧΕΣ | D8: =VLOOKUP(F:F,Sheet1!A:B,2,FALSE) -> U3208 | F8: ΠΙΚ ΝΙΚ | H8: 40 | I8: ΠΙΤΣΑ | J8: 1000 | K8: 3.12 | L8: 3.12 | N8: ΠΙΚ ΝΙΚ | O8: 0.04 | P8: 0.12 | Q8: 0.12 | S8: ΠΙΤΣΑ | U8: 4 ΕΠΟΧΕΣ | V8: OIK512
A9: U6153 | B9: 4 ΕΠΟΧΕΣ | D9: =VLOOKUP(F:F,Sheet1!A:B,2,FALSE) -> U3252 | F9: ΣΑΛΤΣΑ ΠΙΤΣΑΣ | H9: 80 | I9: ΠΙΤΣΑ | J9: 1000 | L9: 11.7 | N9: ΣΑΛΤΣΑ ΠΙΤΣΑΣ | O9: 0.08 | P9: 0 | Q9: 0.94 | S9: ΠΙΤΣΑ | U9: 4 ΕΠΟΧΕΣ | V9: OIK512
A10: U6392 | B10: AFFOGATO | D10: =VLOOKUP(F:F,Sheet1!A:B,2,FALSE) -> #N/A | F10: RISTRETTO | H10: 24 | I10: ΕΠΙΔΟΡΠΙΑ | J10: 1000 | AB10: ΟΙΚ104
A11: U6392 | B11: AFFOGATO | D11: =VLOOKUP(F:F,Sheet1!A:B,2,FALSE) -> #N/A | F11: ΠΑΓΩΤΟ | H11: 100 | I11: ΕΠΙΔΟΡΠΙΑ | J11: 1000 | AB11: ΟΙΚ104
A12: U6298 | B12: MEDALLION | D12: =VLOOKUP(F:F,Sheet1!A:B,2,FALSE) -> #N/A | F12: ΚΑΤΣΙΚΙΣΙΟ ΤΥΡΙ | H12: 50 | I12: ΤΥΡΙΑ | J12: 1000 | K12: 17.5 | L12: 17.5 | N12: MEDALLION | O12: 0.05 | P12: 0.88 | Q12: 0.88 | S12: ΤΥΡΙΑ | AB12: Η ΒΑΣΩ ΕΙΠΕ ΣΤΟ MEDALLION ΧΡΗΣΙΜΟΠΟΙΟΥΝ ΚΑΤΣΙΚΙΣΙΟ ΤΥΡΙ
A13: U6294 | B13: REZZANO | C13: REZZANA TOSSIZZA | D13: =VLOOKUP(F:F,Sheet1!A:B,2,FALSE) -> U3010 | F13: REZZANO | H13: 50 | I13: ΤΥΡΙΑ | J13: 1000 | K13: 20.19 | L13: 20.19 | N13: REZZANO | O13: 0.05 | P13: 1.01 | Q13: 1.01 | S13: ΤΥΡΙΑ
A14: U6296 | B14: TΣΑΛΑΦΟΥΤΙ | C14: TSALAFOUTI | D14: =VLOOKUP(F:F,Sheet1!A:B,2,FALSE) -> U3291 | F14: ΤΣΑΛΑΦΟΥΤΙ | H14: 50 | I14: ΤΥΡΙΑ | J14: 1000 | K14: 5.5 | L14: 5.5 | N14: ΤΣΑΛΑΦΟΥΤΙ | O14: 0.05 | P14: 0.28 | Q14: 0.28 | S14: ΤΥΡΙΑ
A15: U6315 | B15: VEGAN CHEESECAKE 16ΜΕΡΙΔΕΣ (1600GR) | C15: RASPBERRY VEGAN CHEESCAKE 16ΜΕΡΙΔΕΣ (1600GR) | D15: =VLOOKUP(F:F,Sheet1!A:B,2,FALSE) -> U3004 | F15: CHIA ΣΠΟΡΟΙ | H15: 50 | I15: ΕΠΙΔΟΡΠΙΑ | J15: 1000 | K15: 3.89 | L15: 3.89 | N15: CHIA ΣΠΟΡΟΙ | O15: 0.05 | P15: 0.19 | Q15: 0.19 | S15: ΕΠΙΔΟΡΠΙΑ
A16: U6315 | B16: VEGAN CHEESECAKE 16ΜΕΡΙΔΕΣ (1600GR) | C16: RASPBERRY VEGAN CHEESCAKE 16ΜΕΡΙΔΕΣ (1600GR) | D16: =VLOOKUP(F:F,Sheet1!A:B,2,FALSE) -> U3022 | F16: ΑΜΥΓΔΑΛΟΨΥΧΑ 1kg | H16: 200 | I16: ΕΠΙΔΟΡΠΙΑ | J16: 1000 | K16: 8.75 | L16: 8.75 | N16: ΑΜΥΓΔΑΛΟΨΥΧΑ 1kg | O16: 0.2 | P16: 1.75 | Q16: 1.75 | S16: ΕΠΙΔΟΡΠΙΑ
A17: U6315 | B17: VEGAN CHEESECAKE 16ΜΕΡΙΔΕΣ (1600GR) | C17: RASPBERRY VEGAN CHEESCAKE 16ΜΕΡΙΔΕΣ (1600GR) | D17: =VLOOKUP(F:F,Sheet1!A:B,2,FALSE) -> U3034 | F17: ΒΑΝΙΛΙΑ | H17: 1 | I17: ΕΠΙΔΟΡΠΙΑ | J17: 1000 | K17: 34.07 | L17: 34.07 | N17: ΒΑΝΙΛΙΑ | O17: 0 | P17: 0.03 | Q17: 0.03 | S17: ΕΠΙΔΟΡΠΙΑ
A18: U6315 | B18: VEGAN CHEESECAKE 16ΜΕΡΙΔΕΣ (1600GR) | C18: RASPBERRY VEGAN CHEESCAKE 16ΜΕΡΙΔΕΣ (1600GR) | D18: =VLOOKUP(F:F,Sheet1!A:B,2,FALSE) -> U3036 | F18: ΒΑΤΟΜΟΥΡΟ ΚΟΚΚΙΝΟ | H18: 200 | I18: ΕΠΙΔΟΡΠΙΑ | J18: 1000 | K18: 4.65 | L18: 4.65 | N18: ΒΑΤΟΜΟΥΡΟ ΚΟΚΚΙΝΟ | O18: 0.2 | P18: 0.93 | Q18: 0.93 | S18: ΕΠΙΔΟΡΠΙΑ
A19: U6315 | B19: VEGAN CHEESECAKE 16ΜΕΡΙΔΕΣ (1600GR) | C19: RASPBERRY VEGAN CHEESCAKE 16ΜΕΡΙΔΕΣ (1600GR) | D19: =VLOOKUP(F:F,Sheet1!A:B,2,FALSE) -> U3047 | F19: ΓΑΛΑ ΚΑΡΥΔΑΣ | H19: 180 | I19: ΕΠΙΔΟΡΠΙΑ | J19: 1000 | K19: 2.08 | L19: 2.08 | N19: ΓΑΛΑ ΚΑΡΥΔΑΣ | O19: 0.18 | P19: 0.37 | Q19: 0.37 | S19: ΕΠΙΔΟΡΠΙΑ
A20: U6315 | B20: VEGAN CHEESECAKE 16ΜΕΡΙΔΕΣ (1600GR) | C20: RASPBERRY VEGAN CHEESCAKE 16ΜΕΡΙΔΕΣ (1600GR) | D20: =VLOOKUP(F:F,Sheet1!A:B,2,FALSE) -> U3091 | F20: ΚΑΣΙΟΥΣ ΩΜΑ | H20: 335 | I20: ΕΠΙΔΟΡΠΙΑ | J20: 1000 | K20: 7.65 | L20: 7.65 | N20: ΚΑΣΙΟΥΣ ΩΜΑ | O20: 0.34 | P20: 2.56 | Q20: 2.56 | S20: ΕΠΙΔΟΡΠΙΑ
A21: U6315 | B21: VEGAN CHEESECAKE 16ΜΕΡΙΔΕΣ (1600GR) | C21: RASPBERRY VEGAN CHEESCAKE 16ΜΕΡΙΔΕΣ (1600GR) | D21: =VLOOKUP(F:F,Sheet1!A:B,2,FALSE) -> U3121 | F21: ΛΑΔΙ ΚΑΡΥΔΑΣ | H21: 90 | I21: ΕΠΙΔΟΡΠΙΑ | J21: 1000 | K21: 17.2 | L21: 17.2 | N21: ΛΑΔΙ ΚΑΡΥΔΑΣ | O21: 0.09 | P21: 1.55 | Q21: 1.55 | S21: ΕΠΙΔΟΡΠΙΑ
A22: U6315 | B22: VEGAN CHEESECAKE 16ΜΕΡΙΔΕΣ (1600GR) | C22: RASPBERRY VEGAN CHEESCAKE 16ΜΕΡΙΔΕΣ (1600GR) | D22: =VLOOKUP(F:F,Sheet1!A:B,2,FALSE) -> U3127 | F22: ΛΕΜΟΝΙ | H22: 60 | I22: ΕΠΙΔΟΡΠΙΑ | J22: 1000 | K22: 0.75 | L22: 0.75 | N22: ΛΕΜΟΝΙ | O22: 0.06 | P22: 0.05 | Q22: 0.05 | S22: ΕΠΙΔΟΡΠΙΑ
A23: U6315 | B23: VEGAN CHEESECAKE 16ΜΕΡΙΔΕΣ (1600GR) | C23: RASPBERRY VEGAN CHEESCAKE 16ΜΕΡΙΔΕΣ (1600GR) | D23: =VLOOKUP(F:F,Sheet1!A:B,2,FALSE) -> U3154 | F23: ΜΕΛΙ 900 | H23: 100 | I23: ΕΠΙΔΟΡΠΙΑ | J23: 1000 | K23: 4.82 | L23: 4.82 | N23: ΜΕΛΙ 900 | O23: 0.1 | P23: 0.48 | Q23: 0.48 | S23: ΕΠΙΔΟΡΠΙΑ
A24: U6315 | B24: VEGAN CHEESECAKE 16ΜΕΡΙΔΕΣ (1600GR) | C24: RASPBERRY VEGAN CHEESCAKE 16ΜΕΡΙΔΕΣ (1600GR) | D24: =VLOOKUP(F:F,Sheet1!A:B,2,FALSE) -> U3321 | F24: ΧΟΥΡΜΑΔΕΣ | H24: 250 | I24: ΕΠΙΔΟΡΠΙΑ | J24: 1000 | K24: 3.6 | L24: 3.6 | N24: ΧΟΥΡΜΑΔΕΣ | O24: 0.25 | P24: 0.9 | Q24: 0.9 | S24: ΕΠΙΔΟΡΠΙΑ
A25: U6311 | B25: ΑΡΝΑΚΙ ΓΙΟΥΒΕΤΣΙ | D25: =VLOOKUP(F:F,Sheet1!A:B,2,FALSE) -> U3014 | F25: ΑΛΑΤΙ | H25: 10 | I25: ΕΛΛΗΝΙΚΑ ΠΑΡΑΔΟΣΙΑΚΑ | J25: 1000 | K25: 0.89 | L25: 0.89 | N25: ΑΛΑΤΙ | O25: 0.01 | P25: 0.01 | Q25: 0.01 | S25: ΕΛΛΗΝΙΚΑ ΠΑΡΑΔΟΣΙΑΚΑ
A26: U6311 | B26: ΑΡΝΑΚΙ ΓΙΟΥΒΕΤΣΙ | D26: =VLOOKUP(F:F,Sheet1!A:B,2,FALSE) -> U3029 | F26: ΑΡΝΙ ΧΕΡΑΚΙ | H26: 2000 | I26: ΕΛΛΗΝΙΚΑ ΠΑΡΑΔΟΣΙΑΚΑ | J26: 1000 | K26: 8.98 | L26: 8.98 | N26: ΑΡΝΙ ΧΕΡΑΚΙ | O26: 2 | P26: 17.96 | Q26: 17.96 | S26: ΕΛΛΗΝΙΚΑ ΠΑΡΑΔΟΣΙΑΚΑ
A27: U6311 | B27: ΑΡΝΑΚΙ ΓΙΟΥΒΕΤΣΙ | D27: =VLOOKUP(F:F,Sheet1!A:B,2,FALSE) -> U3051 | F27: ΓΑΡΥΦΑΛΟ | H27: 10 | I27: ΕΛΛΗΝΙΚΑ ΠΑΡΑΔΟΣΙΑΚΑ | J27: 1000 | K27: 11.75 | L27: 11.75 | N27: ΓΑΡΥΦΑΛΟ | O27: 0.01 | P27: 0.12 | Q27: 0.12 | S27: ΕΛΛΗΝΙΚΑ ΠΑΡΑΔΟΣΙΑΚΑ
A28: U6311 | B28: ΑΡΝΑΚΙ ΓΙΟΥΒΕΤΣΙ | D28: =VLOOKUP(F:F,Sheet1!A:B,2,FALSE) -> U3072 | F28: ΖΑΧΑΡΗ | H28: 50 | I28: ΕΛΛΗΝΙΚΑ ΠΑΡΑΔΟΣΙΑΚΑ | J28: 1000 | K28: 0.91 | L28: 0.91 | N28: ΖΑΧΑΡΗ | O28: 0.05 | P28: 0.05 | Q28: 0.05 | S28: ΕΛΛΗΝΙΚΑ ΠΑΡΑΔΟΣΙΑΚΑ
A29: U6311 | B29: ΑΡΝΑΚΙ ΓΙΟΥΒΕΤΣΙ | D29: =VLOOKUP(F:F,Sheet1!A:B,2,FALSE) -> U3084 | F29: ΚΑΝΕΛΛΑ ΤΡΙΜΜΕΝΗ | H29: 5 | I29: ΕΛΛΗΝΙΚΑ ΠΑΡΑΔΟΣΙΑΚΑ | J29: 1000 | K29: 12.46 | L29: 12.46 | N29: ΚΑΝΕΛΛΑ ΤΡΙΜΜΕΝΗ | O29: 0.01 | P29: 0.06 | Q29: 0.06 | S29: ΕΛΛΗΝΙΚΑ ΠΑΡΑΔΟΣΙΑΚΑ
A30: U6311 | B30: ΑΡΝΑΚΙ ΓΙΟΥΒΕΤΣΙ | D30: =VLOOKUP(F:F,Sheet1!A:B,2,FALSE) -> U3114 | F30: ΚΡΕΜΜΥΔΙΑ ΞΕΡΑ | H30: 150 | I30: ΕΛΛΗΝΙΚΑ ΠΑΡΑΔΟΣΙΑΚΑ | J30: 1000 | K30: 0.6 | L30: 0.6 | N30: ΚΡΕΜΜΥΔΙΑ ΞΕΡΑ | O30: 0.15 | P30: 0.09 | Q30: 0.09 | S30: ΕΛΛΗΝΙΚΑ ΠΑΡΑΔΟΣΙΑΚΑ
A31: U6311 | B31: ΑΡΝΑΚΙ ΓΙΟΥΒΕΤΣΙ | D31: =VLOOKUP(F:F,Sheet1!A:B,2,FALSE) -> U3116 | F31: ΚΡΙΘΑΡΑΚΙ | H31: 1000 | I31: ΕΛΛΗΝΙΚΑ ΠΑΡΑΔΟΣΙΑΚΑ | J31: 1000 | K31: 1.15 | L31: 1.15 | N31: ΚΡΙΘΑΡΑΚΙ | O31: 1 | P31: 1.15 | Q31: 1.15 | S31: ΕΛΛΗΝΙΚΑ ΠΑΡΑΔΟΣΙΑΚΑ
A32: U6311 | B32: ΑΡΝΑΚΙ ΓΙΟΥΒΕΤΣΙ | D32: =VLOOKUP(F:F,Sheet1!A:B,2,FALSE) -> U3162 | F32: ΜΟΣΧΟΚΑΡΥΔΟ ΤΡΙΜ (0.5/ΤΜΧ) | H32: 10 | I32: ΕΛΛΗΝΙΚΑ ΠΑΡΑΔΟΣΙΑΚΑ | J32: 1000 | K32: 30.87 | L32: 30.87 | N32: ΜΟΣΧΟΚΑΡΥΔΟ ΤΡΙΜ (0.5/ΤΜΧ) | O32: 0.01 | P32: 0.31 | Q32: 0.31 | S32: ΕΛΛΗΝΙΚΑ ΠΑΡΑΔΟΣΙΑΚΑ
A33: U6311 | B33: ΑΡΝΑΚΙ ΓΙΟΥΒΕΤΣΙ | D33: =VLOOKUP(F:F,Sheet1!A:B,2,FALSE) -> U3169 | F33: ΜΠΑΧΑΡΙ | H33: 10 | I33: ΕΛΛΗΝΙΚΑ ΠΑΡΑΔΟΣΙΑΚΑ | J33: 1000 | K33: 14.05 | L33: 14.05 | N33: ΜΠΑΧΑΡΙ | O33: 0.01 | P33: 0.14 | Q33: 0.14 | S33: ΕΛΛΗΝΙΚΑ ΠΑΡΑΔΟΣΙΑΚΑ
A34: U6311 | B34: ΑΡΝΑΚΙ ΓΙΟΥΒΕΤΣΙ | D34: =VLOOKUP(F:F,Sheet1!A:B,2,FALSE) -> U3209 | F34: ΠΙΠΕΡΙ ΜΑΥΡΟ | H34: 10 | I34: ΕΛΛΗΝΙΚΑ ΠΑΡΑΔΟΣΙΑΚΑ | J34: 1000 | K34: 14.44 | L34: 14.44 | N34: ΠΙΠΕΡΙ ΜΑΥΡΟ | O34: 0.01 | P34: 0.14 | Q34: 0.14 | S34: ΕΛΛΗΝΙΚΑ ΠΑΡΑΔΟΣΙΑΚΑ
A35: U6311 | B35: ΑΡΝΑΚΙ ΓΙΟΥΒΕΤΣΙ | D35: =VLOOKUP(F:F,Sheet1!A:B,2,FALSE) -> U3221 | F35: ΠΟΛΤΟΣ ΤΟΜΑΤΑΣ | H35: 200 | I35: ΕΛΛΗΝΙΚΑ ΠΑΡΑΔΟΣΙΑΚΑ | J35: 1000 | K35: 3.01 | L35: 3.01 | N35: ΠΟΛΤΟΣ ΤΟΜΑΤΑΣ | O35: 0.2 | P35: 0.6 | Q35: 0.6 | S35: ΕΛΛΗΝΙΚΑ ΠΑΡΑΔΟΣΙΑΚΑ
A36: U6311 | B36: ΑΡΝΑΚΙ ΓΙΟΥΒΕΤΣΙ | D36: =VLOOKUP(F:F,Sheet1!A:B,2,FALSE) -> U3262 | F36: ΣΚΟΡΔΑ | H36: 50 | I36: ΕΛΛΗΝΙΚΑ ΠΑΡΑΔΟΣΙΑΚΑ | J36: 1000 | K36: 5.5 | L36: 5.5 | N36: ΣΚΟΡΔΑ | O36: 0.05 | P36: 0.28 | Q36: 0.28 | S36: ΕΛΛΗΝΙΚΑ ΠΑΡΑΔΟΣΙΑΚΑ
... A47: U6316 | B47: ΑΡΝΑΚΙ ΦΡΙΚΑΣΕ 2ΚΙΛΑ | D47: =VLOOKUP(F:F,Sheet1!A:B,2,FALSE) -> U3262 | F47: ΣΚΟΡΔΑ | H47: 5 | I47: ΕΛΛΗΝΙΚΑ ΠΑΡΑΔΟΣΙΑΚΑ | J47: 1000 | K47: 5.5 | L47: 5.5 | N47: ΣΚΟΡΔΑ | O47: 0.01 | P47: 0.03 | Q47: 0.03 | S47: ΕΛΛΗΝΙΚΑ ΠΑΡΑΔΟΣΙΑΚΑ
A48: U6129 | B48: ΑΡΝΙ ΚΟΤΣΙ | C48: ROAST LAMB | D48: =VLOOKUP(F:F,Sheet1!A:B,2,FALSE) -> U3014 | F48: ΑΛΑΤΙ | H48: ΧΩΡΙΣ ΠΟΣΟΤΗΤΑ | I48: ΕΛΛΗΝΙΚΑ ΠΑΡΑΔΟΣΙΑΚΑ | J48: 1000
A49: U6129 | B49: ΑΡΝΙ ΚΟΤΣΙ | C49: ROAST LAMB | D49: =VLOOKUP(F:F,Sheet1!A:B,2,FALSE) -> U3028 | F49: ΑΡΝΙ ΚΟΤΣΙ | H49: 200 | I49: ΕΛΛΗΝΙΚΑ ΠΑΡΑΔΟΣΙΑΚΑ | J49: 1000 | K49: 12.63 | L49: 12.63 | N49: ΑΡΝΙ ΚΟΤΣΙ | O49: 0.2 | P49: 2.53 | Q49: 2.53 | S49: ΕΛΛΗΝΙΚΑ ΠΑΡΑΔΟΣΙΑΚΑ
A50: U6129 | B50: ΑΡΝΙ ΚΟΤΣΙ | C50: ROAST LAMB | D50: =VLOOKUP(F:F,Sheet1!A:B,2,FALSE) -> U3127 | F50: ΛΕΜΟΝΙ | H50: 50 | I50: ΕΛΛΗΝΙΚΑ ΠΑΡΑΔΟΣΙΑΚΑ | J50: 1000
A51: U6129 | B51: ΑΡΝΙ ΚΟΤΣΙ | C51: ROAST LAMB | D51: =VLOOKUP(F:F,Sheet1!A:B,2,FALSE) -> #N/A | F51: ΜΕΛΙ | H51: 10 | I51: ΕΛΛΗΝΙΚΑ ΠΑΡΑΔΟΣΙΑΚΑ | J51: 1000
A52: U6129 | B52: ΑΡΝΙ ΚΟΤΣΙ | C52: ROAST LAMB | D52: =VLOOKUP(F:F,Sheet1!A:B,2,FALSE) -> U3166 | F52: ΜΟΥΣΤΑΡΔΑ | H52: 30 | I52: ΕΛΛΗΝΙΚΑ ΠΑΡΑΔΟΣΙΑΚΑ | J52: 1000
A53: U6129 | B53: ΑΡΝΙ ΚΟΤΣΙ | C53: ROAST LAMB | D53: =VLOOKUP(F:F,Sheet1!A:B,2,FALSE) -> U3202 | F53: ΠΑΤΑΤΕΣ | H53: 100 | I53: ΕΛΛΗΝΙΚΑ ΠΑΡΑΔΟΣΙΑΚΑ | J53: 1000 | K53: 0.55 | L53: 0.55 | N53: ΠΑΤΑΤΕΣ | O53: 0.1 | P53: 0.06 | Q53: 0.06 | S53: ΕΛΛΗΝΙΚΑ ΠΑΡΑΔΟΣΙΑΚΑ
A54: U6129 | B54: ΑΡΝΙ ΚΟΤΣΙ | C54: ROAST LAMB | D54: =VLOOKUP(F:F,Sheet1!A:B,2,FALSE) -> U3209 | F54: ΠΙΠΕΡΙ ΜΑΥΡΟ | H54: ΧΩΡΙΣ ΠΟΣΟΤΗΤΑ | I54: ΕΛΛΗΝΙΚΑ ΠΑΡΑΔΟΣΙΑΚΑ | J54: 1000
A55: U6129 | B55: ΑΡΝΙ ΚΟΤΣΙ | C55: ROAST LAMB | D55: =VLOOKUP(F:F,Sheet1!A:B,2,FALSE) -> U3222 | F55: ΠΟΡΤΟΚΑΛΙΑ | H55: 50 | I55: ΕΛΛΗΝΙΚΑ ΠΑΡΑΔΟΣΙΑΚΑ | J55: 1000
A56: U6129 | B56: ΑΡΝΙ ΚΟΤΣΙ | C56: ROAST LAMB | D56: =VLOOKUP(F:F,Sheet1!A:B,2,FALSE) -> U3231 | F56: ΡΙΓΑΝΗ | H56: 10 | I56: ΕΛΛΗΝΙΚΑ ΠΑΡΑΔΟΣΙΑΚΑ | J56: 1000
A57: U6129 | B57: ΑΡΝΙ ΚΟΤΣΙ | C57: ROAST LAMB | D57: =VLOOKUP(F:F,Sheet1!A:B,2,FALSE) -> U3262 | F57: ΣΚΟΡΔΑ | H57: 10 | I57: ΕΛΛΗΝΙΚΑ ΠΑΡΑΔΟΣΙΑΚΑ | J57: 1000
A58: U6317 | B58: ΒΑΦΛΑ | D58: =VLOOKUP(F:F,Sheet1!A:B,2,FALSE) -> U3019 | F58: ΑΛΕΥΡΙ ΒΑΦΛΑΣ | H58: 1700 | I58: ΕΝΔΙΑΜΕΣΑ | J58: 1000 | K58: 4.55 | L58: 4.55 | N58: ΑΛΕΥΡΙ ΒΑΦΛΑΣ | O58: 1.7 | P58: 7.74 | Q58: 7.74 | S58: ΕΝΔΙΑΜΕΣΑ
A59: U6317 | B59: ΒΑΦΛΑ | D59: =VLOOKUP(F:F,Sheet1!A:B,2,FALSE) -> U3030 | F59: ΑΥΓΑ | H59: 12 | I59: ΕΝΔΙΑΜΕΣΑ | J59: 1 | K59: 0.27 | L59: 0.27 | N59: ΑΥΓΑ | O59: 12 | P59: 3.24 | Q59: 3.24 | S59: ΕΝΔΙΑΜΕΣΑ
A60: U6317 | B60: ΒΑΦΛΑ | D60: =VLOOKUP(F:F,Sheet1!A:B,2,FALSE) -> U3042 | F60: ΒΟΥΤΥΡΟ ΒΑΦΛΑΣ | H60: 500 | I60: ΕΝΔΙΑΜΕΣΑ | J60: 1000 | K60: 30.97 | L60: 30.97 | N60: ΒΟΥΤΥΡΟ ΒΑΦΛΑΣ | O60: 0.5 | P60: 15.49 | Q60: 15.49 | S60: ΕΝΔΙΑΜΕΣΑ
A61: U6317 | B61: ΒΑΦΛΑ | D61: =VLOOKUP(F:F,Sheet1!A:B,2,FALSE) -> U3182 | F61: ΝΕΡΟ | H61: 2000 | I61: ΕΝΔΙΑΜΕΣΑ | J61: 1000 | K61: 0.23 | L61: 0.23 | N61: ΝΕΡΟ | O61: 2 | P61: 0.46 | Q61: 0.46 | S61: ΕΝΔΙΑΜΕΣΑ
A62: U6317 | B62: ΒΑΦΛΑ ΝΟΥΤΕΛΑ | D62: =VLOOKUP(F:F,Sheet1!A:B,2,FALSE) -> U3038 | F62: ΒΑΦΛΑ | H62: 1 | I62: ΠΡΩΙΝΟ | J62: 1 | L62: 2.34 | N62: ΒΑΦΛΑ | O62: 1 | P62: 0 | Q62: 2.34 | S62: ΠΡΩΙΝΟ | U62: ΒΑΦΛΑ ΝΟΥΤΕΛΑ | V62: OIK512
A63: U6317 | B63: ΒΑΦΛΑ ΝΟΥΤΕΛΑ | D63: =VLOOKUP(F:F,Sheet1!A:B,2,FALSE) -> U3184 | F63: ΝΟΥΚΡΕΜΑ | H63: 100 | I63: ΠΡΩΙΝΟ | J63: 1000 | K63: 5.65 | L63: 5.65 | N63: ΝΟΥΚΡΕΜΑ | O63: 0.04 | P63: 0.23 | Q63: 0.23 | S63: ΠΡΩΙΝΟ | U63: ΒΑΦΛΑ ΝΟΥΤΕΛΑ | V63: OIK512
A64: U6297 | B64: ΒΟΤΑΝΟΤΥΡΑΚΙΑ | C64: VOTANOTIRI | D64: =VLOOKUP(F:F,Sheet1!A:B,2,FALSE) -> #N/A | F64: ΚΑΤΣΙΚΙΣΙΟ ΤΥΡΙ | H64: 50 | I64: ΤΥΡΙΑ | J64: 1000 | O64: 0.05 | P64: 0 | Q64: 0 | S64: ΤΥΡΙΑ
A65: U6144 | B65: ΓΑΛΑΚΤΟΜΠΟΥΡΕΚΟ 20 ΜΕΡΙΔΕΣ | C65: GALAKTOMPOUREKO 20 ΜΕΡΙΔΕΣ | D65: =VLOOKUP(F:F,Sheet1!A:B,2,FALSE) -> U3030 | F65: ΑΥΓΑ | H65: 5 | I65: ΕΠΙΔΟΡΠΙΑ | J65: 1 | K65: 0.27 | L65: 0.27 | N65: ΑΥΓΑ | O65: 5 | P65: 1.35 | Q65: 1.35 | S65: ΕΠΙΔΟΡΠΙΑ
A66: U6144 | B66: ΓΑΛΑΚΤΟΜΠΟΥΡΕΚΟ 20 ΜΕΡΙΔΕΣ | C66: GALAKTOMPOUREKO 20 ΜΕΡΙΔΕΣ | D66: =VLOOKUP(F:F,Sheet1!A:B,2,FALSE) -> U3034 | F66: ΒΑΝΙΛΙΑ | H66: 1 | I66: ΕΠΙΔΟΡΠΙΑ | J66: 1
A67: U6144 | B67: ΓΑΛΑΚΤΟΜΠΟΥΡΕΚΟ 20 ΜΕΡΙΔΕΣ | C67: GALAKTOMPOUREKO 20 ΜΕΡΙΔΕΣ | D67: =VLOOKUP(F:F,Sheet1!A:B,2,FALSE) -> U3044 | F67: ΒΟΥΤΥΡΟ ΦΡΕΣΚΟ | H67: 100 | I67: ΕΠΙΔΟΡΠΙΑ | J67: 1000 | K67: 12.11 | L67: 12.11 | N67: ΒΟΥΤΥΡΟ ΦΡΕΣΚΟ | O67: 0.1 | P67: 1.21 | Q67: 1.21 | S67: ΕΠΙΔΟΡΠΙΑ
A68: U6144 | B68: ΓΑΛΑΚΤΟΜΠΟΥΡΕΚΟ 20 ΜΕΡΙΔΕΣ | C68: GALAKTOMPOUREKO 20 ΜΕΡΙΔΕΣ | D68: =VLOOKUP(F:F,Sheet1!A:B,2,FALSE) -> U3045 | F68: ΓΑΛΑ | H68: 2000 | I68: ΕΠΙΔΟΡΠΙΑ | J68: 1000 | K68: 1 | L68: 1 | N68: ΓΑΛΑ | O68: 2 | P68: 2 | Q68: 2 | S68: ΕΠΙΔΟΡΠΙΑ
A69: U6144 | B69: ΓΑΛΑΚΤΟΜΠΟΥΡΕΚΟ 20 ΜΕΡΙΔΕΣ | C69: GALAKTOMPOUREKO 20 ΜΕΡΙΔΕΣ | D69: =VLOOKUP(F:F,Sheet1!A:B,2,FALSE) -> U3072 | F69: ΖΑΧΑΡΗ | H69: 2000 | I69: ΕΠΙΔΟΡΠΙΑ | J69: 1000 | K69: 0.91 | L69: 0.91 | N69: ΖΑΧΑΡΗ | O69: 2 | P69: 1.82 | Q69: 1.82 | S69: ΕΠΙΔΟΡΠΙΑ
A70: U6144 | B70: ΓΑΛΑΚΤΟΜΠΟΥΡΕΚΟ 20 ΜΕΡΙΔΕΣ | C70: GALAKTOMPOUREKO 20 ΜΕΡΙΔΕΣ | D70: =VLOOKUP(F:F,Sheet1!A:B,2,FALSE) -> U3084 | F70: ΚΑΝΕΛΛΑ ΤΡΙΜΜΕΝΗ | H70: 20 | I70: ΕΠΙΔΟΡΠΙΑ | J70: 1000 | K70: 12.46 | L70: 12.46 | N70: ΚΑΝΕΛΛΑ ΤΡΙΜΜΕΝΗ | O70: 0.02 | P70: 0.25 | Q70: 0.25 | S70: ΕΠΙΔΟΡΠΙΑ
A71: U6144 | B71: ΓΑΛΑΚΤΟΜΠΟΥΡΕΚΟ 20 ΜΕΡΙΔΕΣ | C71: GALAKTOMPOUREKO 20 ΜΕΡΙΔΕΣ | D71: =VLOOKUP(F:F,Sheet1!A:B,2,FALSE) -> U3222 | F71: ΠΟΡΤΟΚΑΛΙΑ | H71: 60 | I71: ΕΠΙΔΟΡΠΙΑ | J71: 1000 | K71: 0.8 | L71: 0.8 | N71: ΠΟΡΤΟΚΑΛΙΑ | O71: 0.06 | P71: 0.05 | Q71: 0.05 | S71: ΕΠΙΔΟΡΠΙΑ
A72: U6144 | B72: ΓΑΛΑΚΤΟΜΠΟΥΡΕΚΟ 20 ΜΕΡΙΔΕΣ | C72: GALAKTOMPOUREKO 20 ΜΕΡΙΔΕΣ | D72: =VLOOKUP(F:F,Sheet1!A:B,2,FALSE) -> U3259 | F72: ΣΙΜΙΓΔΑΛΙ ΧΟΝΔΡΟ 500ΓΡ | H72: 80 | I72: ΕΠΙΔΟΡΠΙΑ | J72: 1000 | K72: 2.52 | L72: 2.52 | N72: ΣΙΜΙΓΔΑΛΙ ΧΟΝΔΡΟ 500ΓΡ | O72: 0.08 | P72: 0.2 | Q72: 0.2 | S72: ΕΠΙΔΟΡΠΙΑ
A73: U6144 | B73: ΓΑΛΑΚΤΟΜΠΟΥΡΕΚΟ 20 ΜΕΡΙΔΕΣ | C73: GALAKTOMPOUREKO 20 ΜΕΡΙΔΕΣ | D73: =VLOOKUP(F:F,Sheet1!A:B,2,FALSE) -> U3260 | F73: ΣΙΜΙΓΔΑΛΙ ΨΙΛΟ 400 | H73: 120 | I73: ΕΠΙΔΟΡΠΙΑ | J73: 1000 | K73: 2.52 | L73: 2.52 | N73: ΣΙΜΙΓΔΑΛΙ ΨΙΛΟ 400 | O73: 0.12 | P73: 0.3 | Q73: 0.3 | S73: ΕΠΙΔΟΡΠΙΑ
A74: U6144 | B74: ΓΑΛΑΚΤΟΜΠΟΥΡΕΚΟ 20 ΜΕΡΙΔΕΣ | C74: GALAKTOMPOUREKO 20 ΜΕΡΙΔΕΣ | D74: =VLOOKUP(F:F,Sheet1!A:B,2,FALSE) -> U3308 | F74: ΦΥΛΛΟ ΚΡΟΥΣΤΑΣ 450 | H74: 500 | I74: ΕΠΙΔΟΡΠΙΑ | J74: 1000 | K74: 4.18 | L74: 4.18 | N74: ΦΥΛΛΟ ΚΡΟΥΣΤΑΣ 450 | O74: 0.5 | P74: 2.09 | Q74: 2.09 | S74: ΕΠΙΔΟΡΠΙΑ
A75: U6319 | B75: ΓΑΛΑΤΟΠΙΤΑ 8 ΜΕΡΙΔΕΣ | D75: =VLOOKUP(F:F,Sheet1!A:B,2,FALSE) -> U3030 | F75: ΑΥΓΑ | H75: 7 | I75: ΠΡΩΙΝΟ | J75: 1 | K75: 0.27 | L75: 0.27 | N75: ΑΥΓΑ | O75: 7 | P75: 1.89 | Q75: 1.89 | S75: ΠΡΩΙΝΟ | U75: ΓΑΛΑΤΟΠΙΤΑ 8 ΜΕΡΙΔΕΣ | V75: OIK512
A76: U6319 | B76: ΓΑΛΑΤΟΠΙΤΑ 8 ΜΕΡΙΔΕΣ | D76: =VLOOKUP(F:F,Sheet1!A:B,2,FALSE) -> U3044 | F76: ΒΟΥΤΥΡΟ ΦΡΕΣΚΟ | H76: 70 | I76: ΠΡΩΙΝΟ | J76: 1000 | K76: 12.11 | L76: 12.11 | N76: ΒΟΥΤΥΡΟ ΦΡΕΣΚΟ | O76: 0.07 | P76: 0.85 | Q76: 0.85 | S76: ΠΡΩΙΝΟ | U76: ΓΑΛΑΤΟΠΙΤΑ 8 ΜΕΡΙΔΕΣ | V76: OIK512
A77: U6319 | B77: ΓΑΛΑΤΟΠΙΤΑ 8 ΜΕΡΙΔΕΣ | D77: =VLOOKUP(F:F,Sheet1!A:B,2,FALSE) -> U3045 | F77: ΓΑΛΑ | H77: 2000 | I77: ΠΡΩΙΝΟ | J77: 1000 | K77: 1 | L77: 1 | N77: ΓΑΛΑ | O77: 2 | P77: 2 | Q77: 2 | S77: ΠΡΩΙΝΟ | U77: ΓΑΛΑΤΟΠΙΤΑ 8 ΜΕΡΙΔΕΣ | V77: OIK512
A78: U6319 | B78: ΓΑΛΑΤΟΠΙΤΑ 8 ΜΕΡΙΔΕΣ | D78: =VLOOKUP(F:F,Sheet1!A:B,2,FALSE) -> U3072 | F78: ΖΑΧΑΡΗ | H78: 400 | I78: ΠΡΩΙΝΟ | J78: 1000 | K78: 0.91 | L78: 0.91 | N78: ΖΑΧΑΡΗ | O78: 0.4 | P78: 0.36 | Q78: 0.36 | S78: ΠΡΩΙΝΟ | U78: ΓΑΛΑΤΟΠΙΤΑ 8 ΜΕΡΙΔΕΣ | V78: OIK512
A79: U6319 | B79: ΓΑΛΑΤΟΠΙΤΑ 8 ΜΕΡΙΔΕΣ | D79: =VLOOKUP(F:F,Sheet1!A:B,2,FALSE) -> U3222 | F79: ΠΟΡΤΟΚΑΛΙΑ | H79: 180 | I79: ΠΡΩΙΝΟ | J79: 1000 | K79: 0.8 | L79: 0.8 | N79: ΠΟΡΤΟΚΑΛΙΑ | O79: 0.18 | P79: 0.14 | Q79: 0.14 | S79: ΠΡΩΙΝΟ | U79: ΓΑΛΑΤΟΠΙΤΑ 8 ΜΕΡΙΔΕΣ | V79: OIK512
A80: U6319 | B80: ΓΑΛΑΤΟΠΙΤΑ 8 ΜΕΡΙΔΕΣ | D80: =VLOOKUP(F:F,Sheet1!A:B,2,FALSE) -> U3259 | F80: ΣΙΜΙΓΔΑΛΙ ΧΟΝΔΡΟ 500ΓΡ | H80: 50 | I80: ΠΡΩΙΝΟ | J80: 1000 | K80: 2.52 | L80: 2.52 | N80: ΣΙΜΙΓΔΑΛΙ ΧΟΝΔΡΟ 500ΓΡ | O80: 0.05 | P80: 0.13 | Q80: 0.13 | S80: ΠΡΩΙΝΟ | U80: ΓΑΛΑΤΟΠΙΤΑ 8 ΜΕΡΙΔΕΣ | V80: OIK512
A81: U6319 | B81: ΓΑΛΑΤΟΠΙΤΑ 8 ΜΕΡΙΔΕΣ | D81: =VLOOKUP(F:F,Sheet1!A:B,2,FALSE) -> U3260 | F81: ΣΙΜΙΓΔΑΛΙ ΨΙΛΟ 400 | H81: 70 | I81: ΠΡΩΙΝΟ | J81: 1000 | K81: 2.52 | L81: 2.52 | N81: ΣΙΜΙΓΔΑΛΙ ΨΙΛΟ 400 | O81: 0.07 | P81: 0.18 | Q81: 0.18 | S81: ΠΡΩΙΝΟ | U81: ΓΑΛΑΤΟΠΙΤΑ 8 ΜΕΡΙΔΕΣ | V81: OIK512
A82: U6319 | B82: ΓΑΛΑΤΟΠΙΤΑ 8 ΜΕΡΙΔΕΣ | D82: =VLOOKUP(F:F,Sheet1!A:B,2,FALSE) -> U3309 | F82: ΦΥΛΛΟ ΧΕΙΡΟΠΟΙΗΤΟ 4 ΦΥΛΛΑ | H82: 2 | I82: ΠΡΩΙΝΟ | J82: 1000 | L82: 0.48 | N82: ΦΥΛΛΟ ΧΕΙΡΟΠΟΙΗΤΟ 4 ΦΥΛΛΑ | O82: 0 | P82: 0 | Q82: 0 | S82: ΠΡΩΙΝΟ | U82: ΓΑΛΑΤΟΠΙΤΑ 8 ΜΕΡΙΔΕΣ | V82: OIK512
A83: U6120 | B83: ΓΑΥΡΟΣ ΜΑΡΙΝΑΤΟΣ ΜΕΡΙΔΑ | C83: HOMEMADE MARINATED ANCHOVIES | D83: =VLOOKUP(F:F,Sheet1!A:B,2,FALSE) -> U3052 | F83: ΓΑΥΡΟΣ | H83: 70 | I83: ΟΡΕΚΤΙΚΑ | J83: 1000 | K83: 6.61 | L83: 6.61 | N83: ΓΑΥΡΟΣ | O83: 0.07 | P83: 0.46 | Q83: 0.46 | S83: ΟΡΕΚΤΙΚΑ
A84: U6120 | B84: ΓΑΥΡΟΣ ΜΑΡΙΝΑΤΟΣ ΜΕΡΙΔΑ | C84: HOMEMADE MARINATED ANCHOVIES | D84: =VLOOKUP(F:F,Sheet1!A:B,2,FALSE) -> U3331 | F84: ΨΩΜΙ ΧΩΡΙΑΤΙΚΟ | H84: 60 | I84: ΟΡΕΚΤΙΚΑ | J84: 1000 | K84: 1.9 | L84: 1.9 | N84: ΨΩΜΙ ΧΩΡΙΑΤΙΚΟ | O84: 0.06 | P84: 0.11 | Q84: 0.11 | S84: ΟΡΕΚΤΙΚΑ
A85: U6132 | B85: ΓΕΜΙΣΤΑ 10 ΜΕΡΙΔΕΣ | C85: STUFFED TOMATOES AND GREEN PEPPERS 10 ΜΕΡΙΔΕΣ | D85: =VLOOKUP(F:F,Sheet1!A:B,2,FALSE) -> U3014 | F85: ΑΛΑΤΙ | H85: 10 | I85: ΕΛΛΗΝΙΚΑ ΠΑΡΑΔΟΣΙΑΚΑ | J85: 1000 | K85: 0.89 | L85: 0.89 | N85: ΑΛΑΤΙ | O85: 0.01 | P85: 0.01 | Q85: 0.01 | S85: ΕΛΛΗΝΙΚΑ ΠΑΡΑΔΟΣΙΑΚΑ | U85: ΓΕΜΙΣΤΑ 10 ΜΕΡΙΔΕΣ | V85: OIK104 & OIK512
A86: U6132 | B86: ΓΕΜΙΣΤΑ 10 ΜΕΡΙΔΕΣ | C86: STUFFED TOMATOES AND GREEN PEPPERS 10 ΜΕΡΙΔΕΣ | D86: =VLOOKUP(F:F,Sheet1!A:B,2,FALSE) -> U3001 | F86: ΒΑΣΙΛΙΚΟΣ | H86: 60 | I86: ΕΛΛΗΝΙΚΑ ΠΑΡΑΔΟΣΙΑΚΑ | J86: 1000 | K86: 1.4 | L86: 1.4 | N86: ΒΑΣΙΛΙΚΟΣ | O86: 0.06 | P86: 0.08 | Q86: 0.08 | S86: ΕΛΛΗΝΙΚΑ ΠΑΡΑΔΟΣΙΑΚΑ | U86: ΓΕΜΙΣΤΑ 10 ΜΕΡΙΔΕΣ | V86: OIK104 & OIK512
A87: U6132 | B87: ΓΕΜΙΣΤΑ 10 ΜΕΡΙΔΕΣ | C87: STUFFED TOMATOES AND GREEN PEPPERS 10 ΜΕΡΙΔΕΣ | D87: =VLOOKUP(F:F,Sheet1!A:B,2,FALSE) -> U3063 | F87: ΕΛΑΙΟΛΑΔΟ | H87: 100 | I87: ΕΛΛΗΝΙΚΑ ΠΑΡΑΔΟΣΙΑΚΑ | J87: 1000 | K87: 5.76 | L87: 5.76 | N87: ΕΛΑΙΟΛΑΔΟ | O87: 0.1 | P87: 0.58 | Q87: 0.58 | S87: ΕΛΛΗΝΙΚΑ ΠΑΡΑΔΟΣΙΑΚΑ | U87: ΓΕΜΙΣΤΑ 10 ΜΕΡΙΔΕΣ | V87: OIK104 & OIK512
A88: U6132 | B88: ΓΕΜΙΣΤΑ 10 ΜΕΡΙΔΕΣ | C88: STUFFED TOMATOES AND GREEN PEPPERS 10 ΜΕΡΙΔΕΣ | D88: =VLOOKUP(F:F,Sheet1!A:B,2,FALSE) -> U3072 | F88: ΖΑΧΑΡΗ | H88: 10 | I88: ΕΛΛΗΝΙΚΑ ΠΑΡΑΔΟΣΙΑΚΑ | J88: 1000 | K88: 0.91 | L88: 0.91 | N88: ΖΑΧΑΡΗ | O88: 0.01 | P88: 0.01 | Q88: 0.01 | S88: ΕΛΛΗΝΙΚΑ ΠΑΡΑΔΟΣΙΑΚΑ | U88: ΓΕΜΙΣΤΑ 10 ΜΕΡΙΔΕΣ | V88: OIK104 & OIK512
A89: U6132 | B89: ΓΕΜΙΣΤΑ 10 ΜΕΡΙΔΕΣ | C89: STUFFED TOMATOES AND GREEN PEPPERS 10 ΜΕΡΙΔΕΣ | D89: =VLOOKUP(F:F,Sheet1!A:B,2,FALSE) -> U3142 | F89: ΜΑΙΝΤΑΝΟΣ | H89: 100 | I89: ΕΛΛΗΝΙΚΑ ΠΑΡΑΔΟΣΙΑΚΑ | J89: 1000 | K89: 1.5 | L89: 1.5 | N89: ΜΑΙΝΤΑΝΟΣ | O89: 0.1 | P89: 0.15 | Q89: 0.15 | S89: ΕΛΛΗΝΙΚΑ ΠΑΡΑΔΟΣΙΑΚΑ | U89: ΓΕΜΙΣΤΑ 10 ΜΕΡΙΔΕΣ | V89: OIK104 & OIK512
A90: U6132 | B90: ΓΕΜΙΣΤΑ 10 ΜΕΡΙΔΕΣ | C90: STUFFED TOMATOES AND GREEN PEPPERS 10 ΜΕΡΙΔΕΣ | D90: =VLOOKUP(F:F,Sheet1!A:B,2,FALSE) -> U3200 | F90: ΠΑΣΤΑ | H90: 60 | I90: ΕΛΛΗΝΙΚΑ ΠΑΡΑΔΟΣΙΑΚΑ | J90: 1000 | K90: 2.06 | L90: 2.06 | N90: ΠΑΣΤΑ | O90: 0.06 | P90: 0.12 | Q90: 0.12 | S90: ΕΛΛΗΝΙΚΑ ΠΑΡΑΔΟΣΙΑΚΑ | U90: ΓΕΜΙΣΤΑ 10 ΜΕΡΙΔΕΣ | V90: OIK104 & OIK512
A91: U6132 | B91: ΓΕΜΙΣΤΑ 10 ΜΕΡΙΔΕΣ | C91: STUFFED TOMATOES AND GREEN PEPPERS 10 ΜΕΡΙΔΕΣ | D91: =VLOOKUP(F:F,Sheet1!A:B,2,FALSE) -> U3209 | F91: ΠΙΠΕΡΙ ΜΑΥΡΟ | H91: 10 | I91: ΕΛΛΗΝΙΚΑ ΠΑΡΑΔΟΣΙΑΚΑ | J91: 1000 | K91: 14.44 | L91: 14.44 | N91: ΠΙΠΕΡΙ ΜΑΥΡΟ | O91: 0.01 | P91: 0.14 | Q91: 0.14 | S91: ΕΛΛΗΝΙΚΑ ΠΑΡΑΔΟΣΙΑΚΑ | U91: ΓΕΜΙΣΤΑ 10 ΜΕΡΙΔΕΣ | V91: OIK104 & OIK512
A92: U6132 | B92: ΓΕΜΙΣΤΑ 10 ΜΕΡΙΔΕΣ | C92: STUFFED TOMATOES AND GREEN PEPPERS 10 ΜΕΡΙΔΕΣ | D92: =VLOOKUP(F:F,Sheet1!A:B,2,FALSE) -> U3212 | F92: ΠΙΠΕΡΙΕΣ ΠΡΑΣΙΝΕΣ | H92: 1000 | I92: ΕΛΛΗΝΙΚΑ ΠΑΡΑΔΟΣΙΑΚΑ | J92: 1000 | K92: 2.9 | L92: 2.9 | N92: ΠΙΠΕΡΙΕΣ ΠΡΑΣΙΝΕΣ | O92: 1 | P92: 2.9 | Q92: 2.9 | S92: ΕΛΛΗΝΙΚΑ ΠΑΡΑΔΟΣΙΑΚΑ | U92: ΓΕΜΙΣΤΑ 10 ΜΕΡΙΔΕΣ | V92: OIK104 & OIK512
A93: U6132 | B93: ΓΕΜΙΣΤΑ 10 ΜΕΡΙΔΕΣ | C93: STUFFED TOMATOES AND GREEN PEPPERS 10 ΜΕΡΙΔΕΣ | D93: =VLOOKUP(F:F,Sheet1!A:B,2,FALSE) -> U3233 | F93: ΡΥΖΙ ΚΑΡΟΛΙΝΑ | H93: 750 | I93: ΕΛΛΗΝΙΚΑ ΠΑΡΑΔΟΣΙΑΚΑ | J93: 1000 | K93: 1.3 | L93: 1.3 | N93: ΡΥΖΙ ΚΑΡΟΛΙΝΑ | O93: 0.75 | P93: 0.98 | Q93: 0.98 | S93: ΕΛΛΗΝΙΚΑ ΠΑΡΑΔΟΣΙΑΚΑ | U93: ΓΕΜΙΣΤΑ 10 ΜΕΡΙΔΕΣ | V93: OIK104 & OIK512
A94: U6132 | B94: ΓΕΜΙΣΤΑ 10 ΜΕΡΙΔΕΣ | C94: STUFFED TOMATOES AND GREEN PEPPERS 10 ΜΕΡΙΔΕΣ | D94: =VLOOKUP(F:F,Sheet1!A:B,2,FALSE) -> U3262 | F94: ΣΚΟΡΔΑ | H94: 100 | I94: ΕΛΛΗΝΙΚΑ ΠΑΡΑΔΟΣΙΑΚΑ | J94: 1000 | K94: 5.5 | L94: 5.5 | N94: ΣΚΟΡΔΑ | O94: 0.1 | P94: 0.55 | Q94: 0.55 | S94: ΕΛΛΗΝΙΚΑ ΠΑΡΑΔΟΣΙΑΚΑ | U94: ΓΕΜΙΣΤΑ 10 ΜΕΡΙΔΕΣ | V94: OIK104 & OIK512
A95: U6132 | B95: ΓΕΜΙΣΤΑ 10 ΜΕΡΙΔΕΣ | C95: STUFFED TOMATOES AND GREEN PEPPERS 10 ΜΕΡΙΔΕΣ | D95: =VLOOKUP(F:F,Sheet1!A:B,2,FALSE) -> U3288 | F95: ΤΟΜΑΤΕΣ | H95: 1500 | I95: ΕΛΛΗΝΙΚΑ ΠΑΡΑΔΟΣΙΑΚΑ | J95: 1000 | K95: 1.3 | L95: 1.3 | N95: ΤΟΜΑΤΕΣ | O95: 1.5 | P95: 1.95 | Q95: 1.95 | S95: ΕΛΛΗΝΙΚΑ ΠΑΡΑΔΟΣΙΑΚΑ | U95: ΓΕΜΙΣΤΑ 10 ΜΕΡΙΔΕΣ | V95: OIK104 & OIK512
A96: U6322 | B96: ΓΙΑΟΥΡΤΙ ΠΡΟΒΕΙΟ | D96: =VLOOKUP(F:F,Sheet1!A:B,2,FALSE) -> U3048 | F96: ΓΑΛΑ ΠΡΟΒΕΙΟ | H96: 2000 | I96: ΠΡΩΙΝΟ | J96: 1000 | K96: 1.8 | L96: 1.8 | N96: ΓΑΛΑ ΠΡΟΒΕΙΟ | O96: 2 | P96: 3.6 | Q96: 3.6 | S96: ΠΡΩΙΝΟ | U96: ΓΙΑΟΥΡΤΙ ΠΡΟΒΕΙΟ | V96: OIK512
A97: U6322 | B97: ΓΙΑΟΥΡΤΙ ΠΡΟΒΕΙΟ | D97: =VLOOKUP(F:F,Sheet1!A:B,2,FALSE) -> U3053 | F97: ΓΙΑΟΥΡΤΙ ΠΡΟΒΕΙΟ | H97: 70 | I97: ΠΡΩΙΝΟ | J97: 1000 | K97: 5.04 | L97: 5.04 | N97: ΓΙΑΟΥΡΤΙ ΠΡΟΒΕΙΟ | O97: 0.07 | P97: 0.35 | Q97: 0.35 | S97: ΠΡΩΙΝΟ | U97: ΓΙΑΟΥΡΤΙ ΠΡΟΒΕΙΟ | V97: OIK512
A98: U6174 | B98: ΓΚΡΑΝΟΛΑ 1ΚΙΛΟΥ | C98: GRANOLA 1 ΚΙΛΟΥ | D98: =VLOOKUP(F:F,Sheet1!A:B,2,FALSE) -> U3022 | F98: ΑΜΥΓΔΑΛΟΨΥΧΑ 1kg | H98: 250 | I98: ΕΝΔΙΑΜΕΣΑ | J98: 1000 | K98: 8.75 | L98: 8.75 | N98: ΑΜΥΓΔΑΛΟΨΥΧΑ 1kg | O98: 0.25 | P98: 2.19 | Q98: 2.19 | S98: ΕΝΔΙΑΜΕΣΑ
A99: U6174 | B99: ΓΚΡΑΝΟΛΑ 1ΚΙΛΟΥ | C99: GRANOLA 1 ΚΙΛΟΥ | D99: =VLOOKUP(F:F,Sheet1!A:B,2,FALSE) -> U3084 | F99: ΚΑΝΕΛΛΑ ΤΡΙΜΜΕΝΗ | H99: 100 | I99: ΕΝΔΙΑΜΕΣΑ | J99: 1000 | K99: 12.46 | L99: 12.46 | N99: ΚΑΝΕΛΛΑ ΤΡΙΜΜΕΝΗ | O99: 0.1 | P99: 1.25 | Q99: 1.25 | S99: ΕΝΔΙΑΜΕΣΑ
A100: U6174 | B100: ΓΚΡΑΝΟΛΑ 1ΚΙΛΟΥ | C100: GRANOLA 1 ΚΙΛΟΥ | D100: =VLOOKUP(F:F,Sheet1!A:B,2,FALSE) -> U3090 | F100: ΚΑΡΥΔΟΨΙΧΑ | H100: 200 | I100: ΕΝΔΙΑΜΕΣΑ | J100: 1000 | K100: 4.8 | L100: 4.8 | N100: ΚΑΡΥΔΟΨΙΧΑ | O100: 0.2 | P100: 0.96 | Q100: 0.96 | S100: ΕΝΔΙΑΜΕΣΑ
A101: U6174 | B101: ΓΚΡΑΝΟΛΑ 1ΚΙΛΟΥ | C101: GRANOLA 1 ΚΙΛΟΥ | D101: =VLOOKUP(F:F,Sheet1!A:B,2,FALSE) -> U3154 | F101: ΜΕΛΙ 900 | H101: 300 | I101: ΕΝΔΙΑΜΕΣΑ | J101: 1000 | K101: 4.82 | L101: 4.82 | N101: ΜΕΛΙ 900 | O101: 0.3 | P101: 1.45 | Q101: 1.45 | S101: ΕΝΔΙΑΜΕΣΑ
A102: U6174 | B102: ΓΚΡΑΝΟΛΑ 1ΚΙΛΟΥ | C102: GRANOLA 1 ΚΙΛΟΥ | D102: =VLOOKUP(F:F,Sheet1!A:B,2,FALSE) -> U3183 | F102: ΝΙΦΑΔΕΣ ΒΡΩΜΗΣ | H102: 1000 | I102: ΕΝΔΙΑΜΕΣΑ | J102: 1000 | K102: 3.6 | L102: 3.6 | N102: ΝΙΦΑΔΕΣ ΒΡΩΜΗΣ | O102: 1 | P102: 3.6 | Q102: 3.6 | R102: 3.6 | S102: ΕΝΔΙΑΜΕΣΑ
A103: U6174 | B103: ΓΚΡΑΝΟΛΑ 1ΚΙΛΟΥ | C103: GRANOLA 1 ΚΙΛΟΥ | D103: =VLOOKUP(F:F,Sheet1!A:B,2,FALSE) -> U3301 | F103: ΦΟΥΝΤΟΥΚΙ ΨΗΜΕΝΟ 1kg | H103: 250 | I103: ΕΝΔΙΑΜΕΣΑ | J103: 1000 | K103: 12.8 | L103: 12.8 | N103: ΦΟΥΝΤΟΥΚΙ ΨΗΜΕΝΟ 1kg | O103: 0.25 | P103: 3.2 | Q103: 3.2 | R103: 3.9 | S103: ΕΝΔΙΑΜΕΣΑ
A104: U6125 | B104: ΕΚΜΕΚ 20 ΜΕΡΙΔΕΣ | C104: EKMEK KATAIFI 20 ΜΕΡΙΔΕΣ | D104: =VLOOKUP(F:F,Sheet1!A:B,2,FALSE) -> #N/A | F104: ΑΝΘΟΣ ΑΡΑΒ.ΒΑΝΙΛΙΑ | H104: 160 | I104: ΕΠΙΔΟΡΠΙΑ | J104: 1000 | K104: 1.11 | L104: 1.11 | N104: ΑΝΘΟΣ ΑΡΑΒ.ΒΑΝΙΛΙΑ | O104: 0.16 | P104: 0.18 | Q104: 0.18 | S104: ΕΠΙΔΟΡΠΙΑ
A105: U6125 | B105: ΕΚΜΕΚ 20 ΜΕΡΙΔΕΣ | C105: EKMEK KATAIFI 20 ΜΕΡΙΔΕΣ | D105: =VLOOKUP(F:F,Sheet1!A:B,2,FALSE) -> U3030 | F105: ΑΥΓΑ | H105: 2 | I105: ΕΠΙΔΟΡΠΙΑ | J105: 1 | K105: 0.27 | L105: 0.27 | N105: ΑΥΓΑ | O105: 2 | P105: 0.54 | Q105: 0.54 | S105: ΕΠΙΔΟΡΠΙΑ
A106: U6125 | B106: ΕΚΜΕΚ 20 ΜΕΡΙΔΕΣ | C106: EKMEK KATAIFI 20 ΜΕΡΙΔΕΣ | D106: =VLOOKUP(F:F,Sheet1!A:B,2,FALSE) -> U3044 | F106: ΒΟΥΤΥΡΟ ΦΡΕΣΚΟ | H106: 100 | I106: ΕΠΙΔΟΡΠΙΑ | J106: 1000 | K106: 12.11 | L106: 12.11 | N106: ΒΟΥΤΥΡΟ ΦΡΕΣΚΟ | O106: 0.05 | P106: 0.61 | Q106: 0.61 | S106: ΕΠΙΔΟΡΠΙΑ
A107: U6125 | B107: ΕΚΜΕΚ 20 ΜΕΡΙΔΕΣ | C107: EKMEK KATAIFI 20 ΜΕΡΙΔΕΣ | D107: =VLOOKUP(F:F,Sheet1!A:B,2,FALSE) -> U3045 | F107: ΓΑΛΑ | H107: 1500 | I107: ΕΠΙΔΟΡΠΙΑ | J107: 1000 | K107: 1 | L107: 1 | N107: ΓΑΛΑ | O107: 1.5 | P107: 1.5 | Q107: 1.5 | S107: ΕΠΙΔΟΡΠΙΑ
A108: U6125 | B108: ΕΚΜΕΚ 20 ΜΕΡΙΔΕΣ | C108: EKMEK KATAIFI 20 ΜΕΡΙΔΕΣ | D108: =VLOOKUP(F:F,Sheet1!A:B,2,FALSE) -> U3072 | F108: ΖΑΧΑΡΗ | H108: 1500 | I108: ΕΠΙΔΟΡΠΙΑ | J108: 1000 | K108: 0.91 | L108: 0.91 | N108: ΖΑΧΑΡΗ | O108: 1.5 | P108: 1.37 | Q108: 1.37 | S108: ΕΠΙΔΟΡΠΙΑ
A109: U6125 | B109: ΕΚΜΕΚ 20 ΜΕΡΙΔΕΣ | C109: EKMEK KATAIFI 20 ΜΕΡΙΔΕΣ | D109: =VLOOKUP(F:F,Sheet1!A:B,2,FALSE) -> U3084 | F109: ΚΑΝΕΛΛΑ ΤΡΙΜΜΕΝΗ | H109: 10 | I109: ΕΠΙΔΟΡΠΙΑ | J109: 1000 | K109: 12.46 | L109: 12.46 | N109: ΚΑΝΕΛΛΑ ΤΡΙΜΜΕΝΗ | O109: 0.01 | P109: 0.12 | Q109: 0.12 | S109: ΕΠΙΔΟΡΠΙΑ
A110: U6125 | B110: ΕΚΜΕΚ 20 ΜΕΡΙΔΕΣ | C110: EKMEK KATAIFI 20 ΜΕΡΙΔΕΣ | D110: =VLOOKUP(F:F,Sheet1!A:B,2,FALSE) -> U3111 | F110: ΚΡΕΜΑ ΓΑΛΑΚΤΟΣ (3κ/τμχ) | H110: 1000 | I110: ΕΠΙΔΟΡΠΙΑ | J110: 1000 | K110: 6.62 | L110: 6.62 | N110: ΚΡΕΜΑ ΓΑΛΑΚΤΟΣ (3κ/τμχ) | O110: 1 | P110: 6.62 | Q110: 6.62 | S110: ΕΠΙΔΟΡΠΙΑ
...

Sheet OIK104 MENU INGREDIENTS_semicol
A1: RECIPE CODE | B1: RECIPENAME | C1: NEW RECIPE NAME | D1: INGREDIENT CODE | E1: IME CODE | F1: INGREDIENT | G1: NEW INGREDIENT | H1: GRAMS / TMX | I1: CATEGORY | J1: KG / TMX | K1: Cost per Kg | L1: costcost | M1: OIK104 MENU | N1: Ingredient (from Ingredient Name) | O1: Kg per Recipe | P1: Cost per Recipe | Q1: costcosrecipe | R1: OIK104 MENU copy | S1: CATEGORY_ | T1: RESTAURANT (from OIK104 MENU) | U1: OIK512 MENU INGREDIENTS_ | V1: RESTAURANT (from OIK512 MENU_) (from OIK512 MENU INGREDIENTS_) | W1: Column1 | X1: Column2 | Y1: Column3 | Z1: Column4 | AA1: Column5 | AB1: ΣΧΟΛΙΑ
A2: U6153 | B2: 4 ΕΠΟΧΕΣ | D2: =VLOOKUP(F:F,Sheet1!A:B,2,FALSE) -> U3066 | F2: ΕΝΤΑΜ | H2: 90 | I2: ΠΙΤΣΑ | J2: 1000 | K2: 7.2 | L2: 7.2 | N2: ΕΝΤΑΜ | O2: 0.09 | P2: 0.65 | Q2: 0.65 | S2: ΠΙΤΣΑ | U2: 4 ΕΠΟΧΕΣ | V2: OIK512
A3: U6153 | B3: 4 ΕΠΟΧΕΣ | D3: =VLOOKUP(F:F,Sheet1!A:B,2,FALSE) -> U3075 | F3: ΖΥΜΗ ΠΙΤΣΑΣ 54 ΜΕΡΙΔΕΣ | H3: 1 | I3: ΠΙΤΣΑ | J3: 1 | L3: 0.45 | N3: ΖΥΜΗ ΠΙΤΣΑΣ 54 ΜΕΡΙΔΕΣ | O3: 1 | P3: 0 | Q3: 0.45 | S3: ΠΙΤΣΑ | U3: 4 ΕΠΟΧΕΣ | V3: OIK512
A4: U6153 | B4: 4 ΕΠΟΧΕΣ | D4: =VLOOKUP(F:F,Sheet1!A:B,2,FALSE) -> U3143 | F4: ΜΑΝΙΤΑΡΙΑ | H4: 40 | I4: ΠΙΤΣΑ | J4: 1000 | K4: 2.14 | L4: 2.14 | N4: ΜΑΝΙΤΑΡΙΑ | O4: 0.04 | P4: 0.09 | Q4: 0.09 | S4: ΠΙΤΣΑ | U4: 4 ΕΠΟΧΕΣ | V4: OIK512
A5: U6153 | B5: 4 ΕΠΟΧΕΣ | D5: =VLOOKUP(F:F,Sheet1!A:B,2,FALSE) -> U3164 | F5: ΜΟΤΣΑΡΕΛΑ | H5: 90 | I5: ΠΙΤΣΑ | J5: 1000 | K5: 6.74 | L5: 6.74 | N5: ΜΟΤΣΑΡΕΛΑ | O5: 0.09 | P5: 0.61 | Q5: 0.61 | S5: ΠΙΤΣΑ | U5: 4 ΕΠΟΧΕΣ | V5: OIK512
A6: U6153 | B6: 4 ΕΠΟΧΕΣ | D6: =VLOOKUP(F:F,Sheet1!A:B,2,FALSE) -> U3170 | F6: ΜΠΕΙΚΟΝ ΚΑΠΝΙΣΤΟ | H6: 40 | I6: ΠΙΤΣΑ | J6: 1000 | K6: 5.31 | L6: 5.31 | N6: ΜΠΕΙΚΟΝ ΚΑΠΝΙΣΤΟ | O6: 0.04 | P6: 0.21 | Q6: 0.21 | S6: ΠΙΤΣΑ | U6: 4 ΕΠΟΧΕΣ | V6: OIK512
A7: U6153 | B7: 4 ΕΠΟΧΕΣ | D7: =VLOOKUP(F:F,Sheet1!A:B,2,FALSE) -> U3207 | F7: ΠΕΠΕΡΟΝΙ | H7: 30 | I7: ΠΙΤΣΑ | J7: 1000 | K7: 4.18 | L7: 4.18 | N7: ΠΕΠΕΡΟΝΙ | O7: 0.03 | P7: 0.13 | Q7: 0.13 | S7: ΠΙΤΣΑ | U7: 4 ΕΠΟΧΕΣ | V7: OIK512
A8: U6153 | B8: 4 ΕΠΟΧΕΣ | D8: =VLOOKUP(F:F,Sheet1!A:B,2,FALSE) -> U3208 | F8: ΠΙΚ ΝΙΚ | H8: 40 | I8: ΠΙΤΣΑ | J8: 1000 | K8: 3.12 | L8: 3.12 | N8: ΠΙΚ ΝΙΚ | O8: 0.04 | P8: 0.12 | Q8: 0.12 | S8: ΠΙΤΣΑ | U8: 4 ΕΠΟΧΕΣ | V8: OIK512
A9: U6153 | B9: 4 ΕΠΟΧΕΣ | D9: =VLOOKUP(F:F,Sheet1!A:B,2,FALSE) -> U3252 | F9: ΣΑΛΤΣΑ ΠΙΤΣΑΣ | H9: 80 | I9: ΠΙΤΣΑ | J9: 1000 | L9: 11.7 | N9: ΣΑΛΤΣΑ ΠΙΤΣΑΣ | O9: 0.08 | P9: 0 | Q9: 0.94 | S9: ΠΙΤΣΑ | U9: 4 ΕΠΟΧΕΣ | V9: OIK512
A10: U6392 | B10: AFFOGATO | D10: =VLOOKUP(F:F,Sheet1!A:B,2,FALSE) -> #N/A | F10: RISTRETTO | H10: 24 | I10: ΕΠΙΔΟΡΠΙΑ | J10: 1000 | AB10: ΟΙΚ104
A11: U6392 | B11: AFFOGATO | D11: =VLOOKUP(F:F,Sheet1!A:B,2,FALSE) -> #N/A | F11: ΠΑΓΩΤΟ | H11: 100 | I11: ΕΠΙΔΟΡΠΙΑ | J11: 1000 | AB11: ΟΙΚ104
B12: BIANCO | D12: =VLOOKUP(F:F,Sheet1!A:B,2,FALSE) -> U3063 | F12: ΕΛΑΙΟΛΑΔΟ | H12: 70 | I12: ΕΛΛΗΝΙΚΑ ΠΑΡΑΔΟΣΙΑΚΑ | J12: 1000 | K12: 5.76 | L12: 5.76 | N12: ΕΛΑΙΟΛΑΔΟ | O12: 0.07 | P12: 0.4 | Q12: 0.4 | S12: ΕΛΛΗΝΙΚΑ ΠΑΡΑΔΟΣΙΑΚΑ
B13: BIANCO | D13: =VLOOKUP(F:F,Sheet1!A:B,2,FALSE) -> U3089 | F13: ΚΑΡΟΤΑ | H13: 80 | I13: ΕΛΛΗΝΙΚΑ ΠΑΡΑΔΟΣΙΑΚΑ | J13: 1000 | K13: 0.7 | L13: 0.7 | N13: ΚΑΡΟΤΑ | O13: 0.08 | P13: 0.06 | Q13: 0.06 | S13: ΕΛΛΗΝΙΚΑ ΠΑΡΑΔΟΣΙΑΚΑ
B14: BIANCO | D14: =VLOOKUP(F:F,Sheet1!A:B,2,FALSE) -> U3113 | F14: ΚΡΕΜΜΥΔΙ | H14: 80 | I14: ΕΛΛΗΝΙΚΑ ΠΑΡΑΔΟΣΙΑΚΑ | J14: 1000 | N14: ΚΡΕΜΜΥΔΙ | O14: 0.08 | P14: 0 | Q14: 0 | S14: ΕΛΛΗΝΙΚΑ ΠΑΡΑΔΟΣΙΑΚΑ
B15: BIANCO | D15: =VLOOKUP(F:F,Sheet1!A:B,2,FALSE) -> U3127 | F15: ΛΕΜΟΝΙ | H15: 50 | I15: ΕΛΛΗΝΙΚΑ ΠΑΡΑΔΟΣΙΑΚΑ | J15: 1000 | K15: 0.75 | L15: 0.75 | N15: ΛΕΜΟΝΙ | O15: 0.05 | P15: 0.04 | Q15: 0.04 | S15: ΕΛΛΗΝΙΚΑ ΠΑΡΑΔΟΣΙΑΚΑ
B16: BIANCO | D16: =VLOOKUP(F:F,Sheet1!A:B,2,FALSE) -> U3202 | F16: ΠΑΤΑΤΕΣ | H16: 100 | I16: ΕΛΛΗΝΙΚΑ ΠΑΡΑΔΟΣΙΑΚΑ | J16: 1000 | K16: 0.55 | L16: 0.55 | N16: ΠΑΤΑΤΕΣ | O16: 0.1 | P16: 0.06 | Q16: 0.06 | S16: ΕΛΛΗΝΙΚΑ ΠΑΡΑΔΟΣΙΑΚΑ
B17: BIANCO | D17: =VLOOKUP(F:F,Sheet1!A:B,2,FALSE) -> U3209 | F17: ΠΙΠΕΡΙ ΜΑΥΡΟ | H17: 10 | I17: ΕΛΛΗΝΙΚΑ ΠΑΡΑΔΟΣΙΑΚΑ | J17: 1000 | K17: 14.44 | L17: 14.44 | N17: ΠΙΠΕΡΙ ΜΑΥΡΟ | O17: 0.01 | P17: 0.14 | Q17: 0.14 | S17: ΕΛΛΗΝΙΚΑ ΠΑΡΑΔΟΣΙΑΚΑ
B18: BIANCO | D18: =VLOOKUP(F:F,Sheet1!A:B,2,FALSE) -> U3258 | F18: ΣΕΛΙΝΟ | H18: 80 | I18: ΕΛΛΗΝΙΚΑ ΠΑΡΑΔΟΣΙΑΚΑ | J18: 1000 | K18: 1.2 | L18: 1.2 | N18: ΣΕΛΙΝΟ | O18: 0.08 | P18: 0.1 | Q18: 0.1 | S18: ΕΛΛΗΝΙΚΑ ΠΑΡΑΔΟΣΙΑΚΑ
B19: BIANCO | D19: =VLOOKUP(F:F,Sheet1!A:B,2,FALSE) -> U3262 | F19: ΣΚΟΡΔΑ | H19: 50 | I19: ΕΛΛΗΝΙΚΑ ΠΑΡΑΔΟΣΙΑΚΑ | J19: 1000 | K19: 5.5 | L19: 5.5 | N19: ΣΚΟΡΔΑ | O19: 0.05 | P19: 0.28 | Q19: 0.28 | S19: ΕΛΛΗΝΙΚΑ ΠΑΡΑΔΟΣΙΑΚΑ
B20: DRESSING ΣΑΛΑΤΑ ΟΣΠΡΙΩΝ | D20: =VLOOKUP(F:F,Sheet1!A:B,2,FALSE) -> U3014 | F20: ΑΛΑΤΙ | H20: 10 | I20: ΕΝΔΙΑΜΕΣΑ | J20: 1000 | K20: 0.89 | L20: 0.89 | N20: ΑΛΑΤΙ | O20: 0.01 | P20: 0.01 | Q20: 0.01 | S20: ΕΝΔΙΑΜΕΣΑ
B21: DRESSING ΣΑΛΑΤΑ ΟΣΠΡΙΩΝ | D21: =VLOOKUP(F:F,Sheet1!A:B,2,FALSE) -> U3063 | F21: ΕΛΑΙΟΛΑΔΟ | H21: 50 | I21: ΕΝΔΙΑΜΕΣΑ | J21: 1000 | K21: 5.76 | L21: 5.76 | N21: ΕΛΑΙΟΛΑΔΟ | O21: 0.05 | P21: 0.29 | Q21: 0.29 | S21: ΕΝΔΙΑΜΕΣΑ
B22: DRESSING ΣΑΛΑΤΑ ΟΣΠΡΙΩΝ | D22: =VLOOKUP(F:F,Sheet1!A:B,2,FALSE) -> U3127 | F22: ΛΕΜΟΝΙ | H22: 50 | I22: ΕΝΔΙΑΜΕΣΑ | J22: 1000 | K22: 0.75 | L22: 0.75 | N22: ΛΕΜΟΝΙ | O22: 0.05 | P22: 0.04 | Q22: 0.04 | S22: ΕΝΔΙΑΜΕΣΑ
B23: DRESSING ΣΑΛΑΤΑ ΟΣΠΡΙΩΝ | D23: =VLOOKUP(F:F,Sheet1!A:B,2,FALSE) -> U3166 | F23: ΜΟΥΣΤΑΡΔΑ | H23: 40 | I23: ΕΝΔΙΑΜΕΣΑ | J23: 1000 | K23: 1.23 | L23: 1.23 | N23: ΜΟΥΣΤΑΡΔΑ | O23: 0.04 | P23: 0.05 | Q23: 0.05 | S23: ΕΝΔΙΑΜΕΣΑ
B24: DRESSING ΣΑΛΑΤΑ ΟΣΠΡΙΩΝ | D24: =VLOOKUP(F:F,Sheet1!A:B,2,FALSE) -> U3209 | F24: ΠΙΠΕΡΙ ΜΑΥΡΟ | H24: 10 | I24: ΕΝΔΙΑΜΕΣΑ | J24: 1000 | K24: 14.44 | L24: 14.44 | N24: ΠΙΠΕΡΙ ΜΑΥΡΟ | O24: 0.01 | P24: 0.14 | Q24: 0.14 | S24: ΕΝΔΙΑΜΕΣΑ
B25: DRESSING ΣΑΛΑΤΑ ΟΣΠΡΙΩΝ | D25: =VLOOKUP(F:F,Sheet1!A:B,2,FALSE) -> U3264 | F25: ΣΚΟΡΔΟ ΠΟΥΔΡΑ | H25: 40 | I25: ΕΝΔΙΑΜΕΣΑ | J25: 1000 | N25: ΣΚΟΡΔΟ ΠΟΥΔΡΑ | O25: 0.04 | P25: 0 | Q25: 0 | S25: ΕΝΔΙΑΜΕΣΑ
B26: DRESSING ΣΑΛΑΤΑ ΤΣΑΛΑΦΟΥΤΙ | D26: =VLOOKUP(F:F,Sheet1!A:B,2,FALSE) -> U3014 | F26: ΑΛΑΤΙ | H26: 10 | I26: ΕΝΔΙΑΜΕΣΑ | J26: 1000 | K26: 0.89 | L26: 0.89 | N26: ΑΛΑΤΙ | O26: 0.01 | P26: 0.01 | Q26: 0.01 | S26: ΕΝΔΙΑΜΕΣΑ
B27: DRESSING ΣΑΛΑΤΑ ΤΣΑΛΑΦΟΥΤΙ | D27: =VLOOKUP(F:F,Sheet1!A:B,2,FALSE) -> U3063 | F27: ΕΛΑΙΟΛΑΔΟ | H27: 100 | I27: ΕΝΔΙΑΜΕΣΑ | J27: 1000 | K27: 5.76 | L27: 5.76 | N27: ΕΛΑΙΟΛΑΔΟ | O27: 0.1 | P27: 0.58 | Q27: 0.58 | S27: ΕΝΔΙΑΜΕΣΑ
B28: DRESSING ΣΑΛΑΤΑ ΤΣΑΛΑΦΟΥΤΙ | D28: =VLOOKUP(F:F,Sheet1!A:B,2,FALSE) -> U3127 | F28: ΛΕΜΟΝΙ | H28: 50 | I28: ΕΝΔΙΑΜΕΣΑ | J28: 1000 | K28: 0.75 | L28: 0.75 | N28: ΛΕΜΟΝΙ | O28: 0.05 | P28: 0.04 | Q28: 0.04 | S28: ΕΝΔΙΑΜΕΣΑ
B29: DRESSING ΣΑΛΑΤΑ ΤΣΑΛΑΦΟΥΤΙ | D29: =VLOOKUP(F:F,Sheet1!A:B,2,FALSE) -> U3142 | F29: ΜΑΙΝΤΑΝΟΣ | H29: 50 | I29: ΕΝΔΙΑΜΕΣΑ | J29: 1000 | K29: 1.5 | L29: 1.5 | N29: ΜΑΙΝΤΑΝΟΣ | O29: 0.05 | P29: 0.08 | Q29: 0.08 | S29: ΕΝΔΙΑΜΕΣΑ
B30: DRESSING ΣΑΛΑΤΑ ΤΣΑΛΑΦΟΥΤΙ | D30: =VLOOKUP(F:F,Sheet1!A:B,2,FALSE) -> U3166 | F30: ΜΟΥΣΤΑΡΔΑ | H30: 69 | I30: ΕΝΔΙΑΜΕΣΑ | J30: 1000 | K30: 1.23 | L30: 1.23 | N30: ΜΟΥΣΤΑΡΔΑ | O30: 0.07 | P30: 0.08 | Q30: 0.08 | S30: ΕΝΔΙΑΜΕΣΑ
B31: DRESSING ΣΑΛΑΤΑ ΤΣΑΛΑΦΟΥΤΙ | D31: =VLOOKUP(F:F,Sheet1!A:B,2,FALSE) -> U3209 | F31: ΠΙΠΕΡΙ ΜΑΥΡΟ | H31: 10 | I31: ΕΝΔΙΑΜΕΣΑ | J31: 1000 | K31: 14.44 | L31: 14.44 | N31: ΠΙΠΕΡΙ ΜΑΥΡΟ | O31: 0.01 | P31: 0.14 | Q31: 0.14 | S31: ΕΝΔΙΑΜΕΣΑ
A32: U6298 | B32: MEDALLION | D32: =VLOOKUP(F:F,Sheet1!A:B,2,FALSE) -> U3008 | F32: MEDALLION | H32: 50 | I32: ΤΥΡΙΑ | J32: 1000 | K32: Η ΒΑΣΩ ΕΙΠΕ ΣΤΟ MEDALLION ΧΡΗΣΙΜΟΠΟΙΟΥΝ ΚΑΤΣΙΚΙΣΙΟ ΤΥΡΙ
A33: U6298 | B33: MEDALLION | D33: =VLOOKUP(F:F,Sheet1!A:B,2,FALSE) -> #N/A | F33: ΚΑΤΣΙΚΙΣΙΟ ΤΥΡΙ | H33: 50 | I33: ΤΥΡΙΑ | J33: 1000 | K33: 17.5 | L33: 17.5 | N33: MEDALLION | O33: 0.05 | P33: 0.88 | Q33: 0.88 | S33: ΤΥΡΙΑ | AB33: Η ΒΑΣΩ ΕΙΠΕ ΣΤΟ MEDALLION ΧΡΗΣΙΜΟΠΟΙΟΥΝ ΚΑΤΣΙΚΙΣΙΟ ΤΥΡΙ
A34: U6294 | B34: REZZANO | C34: REZZANA TOSSIZZA | D34: =VLOOKUP(F:F,Sheet1!A:B,2,FALSE) -> U3010 | F34: REZZANO | H34: 50 | I34: ΤΥΡΙΑ | J34: 1000 | K34: 20.19 | L34: 20.19 | N34: REZZANO | O34: 0.05 | P34: 1.01 | Q34: 1.01 | S34: ΤΥΡΙΑ
A35: U6296 | B35: TΣΑΛΑΦΟΥΤΙ | C35: TSALAFOUTI | D35: =VLOOKUP(F:F,Sheet1!A:B,2,FALSE) -> U3291 | F35: ΤΣΑΛΑΦΟΥΤΙ | H35: 50 | I35: ΤΥΡΙΑ | J35: 1000 | K35: 5.5 | L35: 5.5 | N35: ΤΣΑΛΑΦΟΥΤΙ | O35: 0.05 | P35: 0.28 | Q35: 0.28 | S35: ΤΥΡΙΑ
A36: U6315 | B36: VEGAN CHEESECAKE 16ΜΕΡΙΔΕΣ (1600GR) | C36: RASPBERRY VEGAN CHEESCAKE 16ΜΕΡΙΔΕΣ (1600GR) | D36: =VLOOKUP(F:F,Sheet1!A:B,2,FALSE) -> U3004 | F36: CHIA ΣΠΟΡΟΙ | H36: 50 | I36: ΕΠΙΔΟΡΠΙΑ | J36: 1000 | K36: 3.89 | L36: 3.89 | N36: CHIA ΣΠΟΡΟΙ | O36: 0.05 | P36: 0.19 | Q36: 0.19 | S36: ΕΠΙΔΟΡΠΙΑ
A37: U6315 | B37: VEGAN CHEESECAKE 16ΜΕΡΙΔΕΣ (1600GR) | C37: RASPBERRY VEGAN CHEESCAKE 16ΜΕΡΙΔΕΣ (1600GR) | D37: =VLOOKUP(F:F,Sheet1!A:B,2,FALSE) -> U3022 | F37: ΑΜΥΓΔΑΛΟΨΥΧΑ 1kg | H37: 200 | I37: ΕΠΙΔΟΡΠΙΑ | J37: 1000 | K37: 8.75 | L37: 8.75 | N37: ΑΜΥΓΔΑΛΟΨΥΧΑ 1kg | O37: 0.2 | P37: 1.75 | Q37: 1.75 | S37: ΕΠΙΔΟΡΠΙΑ
A38: U6315 | B38: VEGAN CHEESECAKE 16ΜΕΡΙΔΕΣ (1600GR) | C38: RASPBERRY VEGAN CHEESCAKE 16ΜΕΡΙΔΕΣ (1600GR) | D38: =VLOOKUP(F:F,Sheet1!A:B,2,FALSE) -> U3034 | F38: ΒΑΝΙΛΙΑ | H38: 1 | I38: ΕΠΙΔΟΡΠΙΑ | J38: 1000 | K38: 34.07 | L38: 34.07 | N38: ΒΑΝΙΛΙΑ | O38: 0 | P38: 0.03 | Q38: 0.03 | S38: ΕΠΙΔΟΡΠΙΑ
A39: U6315 | B39: VEGAN CHEESECAKE 16ΜΕΡΙΔΕΣ (1600GR) | C39: RASPBERRY VEGAN CHEESCAKE 16ΜΕΡΙΔΕΣ (1600GR) | D39: =VLOOKUP(F:F,Sheet1!A:B,2,FALSE) -> U3036 | F39: ΒΑΤΟΜΟΥΡΟ ΚΟΚΚΙΝΟ | H39: 200 | I39: ΕΠΙΔΟΡΠΙΑ | J39: 1000 | K39: 4.65 | L39: 4.65 | N39: ΒΑΤΟΜΟΥΡΟ ΚΟΚΚΙΝΟ | O39: 0.2 | P39: 0.93 | Q39: 0.93 | S39: ΕΠΙΔΟΡΠΙΑ
A40: U6315 | B40: VEGAN CHEESECAKE 16ΜΕΡΙΔΕΣ (1600GR) | C40: RASPBERRY VEGAN CHEESCAKE 16ΜΕΡΙΔΕΣ (1600GR) | D40: =VLOOKUP(F:F,Sheet1!A:B,2,FALSE) -> U3047 | F40: ΓΑΛΑ ΚΑΡΥΔΑΣ | H40: 180 | I40: ΕΠΙΔΟΡΠΙΑ | J40: 1000 | K40: 2.08 | L40: 2.08 | N40: ΓΑΛΑ ΚΑΡΥΔΑΣ | O40: 0.18 | P40: 0.37 | Q40: 0.37 | S40: ΕΠΙΔΟΡΠΙΑ
A41: U6315 | B41: VEGAN CHEESECAKE 16ΜΕΡΙΔΕΣ (1600GR) | C41: RASPBERRY VEGAN CHEESCAKE 16ΜΕΡΙΔΕΣ (1600GR) | D41: =VLOOKUP(F:F,Sheet1!A:B,2,FALSE) -> U3091 | F41: ΚΑΣΙΟΥΣ ΩΜΑ | H41: 335 | I41: ΕΠΙΔΟΡΠΙΑ | J41: 1000 | K41: 7.65 | L41: 7.65 | N41: ΚΑΣΙΟΥΣ ΩΜΑ | O41: 0.34 | P41: 2.56 | Q41: 2.56 | S41: ΕΠΙΔΟΡΠΙΑ
A42: U6315 | B42: VEGAN CHEESECAKE 16ΜΕΡΙΔΕΣ (1600GR) | C42: RASPBERRY VEGAN CHEESCAKE 16ΜΕΡΙΔΕΣ (1600GR) | D42: =VLOOKUP(F:F,Sheet1!A:B,2,FALSE) -> U3121 | F42: ΛΑΔΙ ΚΑΡΥΔΑΣ | H42: 90 | I42: ΕΠΙΔΟΡΠΙΑ | J42: 1000 | K42: 17.2 | L42: 17.2 | N42: ΛΑΔΙ ΚΑΡΥΔΑΣ | O42: 0.09 | P42: 1.55 | Q42: 1.55 | S42: ΕΠΙΔΟΡΠΙΑ
A43: U6315 | B43: VEGAN CHEESECAKE 16ΜΕΡΙΔΕΣ (1600GR) | C43: RASPBERRY VEGAN CHEESCAKE 16ΜΕΡΙΔΕΣ (1600GR) | D43: =VLOOKUP(F:F,Sheet1!A:B,2,FALSE) -> U3127 | F43: ΛΕΜΟΝΙ | H43: 60 | I43: ΕΠΙΔΟΡΠΙΑ | J43: 1000 | K43: 0.75 | L43: 0.75 | N43: ΛΕΜΟΝΙ | O43: 0.06 | P43: 0.05 | Q43: 0.05 | S43: ΕΠΙΔΟΡΠΙΑ
A44: U6315 | B44: VEGAN CHEESECAKE 16ΜΕΡΙΔΕΣ (1600GR) | C44: RASPBERRY VEGAN CHEESCAKE 16ΜΕΡΙΔΕΣ (1600GR) | D44: =VLOOKUP(F:F,Sheet1!A:B,2,FALSE) -> U3154 | F44: ΜΕΛΙ 900 | H44: 100 | I44: ΕΠΙΔΟΡΠΙΑ | J44: 1000 | K44: 4.82 | L44: 4.82 | N44: ΜΕΛΙ 900 | O44: 0.1 | P44: 0.48 | Q44: 0.48 | S44: ΕΠΙΔΟΡΠΙΑ
A45: U6315 | B45: VEGAN CHEESECAKE 16ΜΕΡΙΔΕΣ (1600GR) | C45: RASPBERRY VEGAN CHEESCAKE 16ΜΕΡΙΔΕΣ (1600GR) | D45: =VLOOKUP(F:F,Sheet1!A:B,2,FALSE) -> U3321 | F45: ΧΟΥΡΜΑΔΕΣ | H45: 250 | I45: ΕΠΙΔΟΡΠΙΑ | J45: 1000 | K45: 3.6 | L45: 3.6 | N45: ΧΟΥΡΜΑΔΕΣ | O45: 0.25 | P45: 0.9 | Q45: 0.9 | S45: ΕΠΙΔΟΡΠΙΑ
A46: U6311 | B46: ΑΡΝΑΚΙ ΓΙΟΥΒΕΤΣΙ | D46: =VLOOKUP(F:F,Sheet1!A:B,2,FALSE) -> U3014 | F46: ΑΛΑΤΙ | H46: 10 | I46: ΕΛΛΗΝΙΚΑ ΠΑΡΑΔΟΣΙΑΚΑ | J46: 1000 | K46: 0.89 | L46: 0.89 | N46: ΑΛΑΤΙ | O46: 0.01 | P46: 0.01 | Q46: 0.01 | S46: ΕΛΛΗΝΙΚΑ ΠΑΡΑΔΟΣΙΑΚΑ
A47: U6311 | B47: ΑΡΝΑΚΙ ΓΙΟΥΒΕΤΣΙ | D47: =VLOOKUP(F:F,Sheet1!A:B,2,FALSE) -> U3029 | F47: ΑΡΝΙ ΧΕΡΑΚΙ | H47: 2000 | I47: ΕΛΛΗΝΙΚΑ ΠΑΡΑΔΟΣΙΑΚΑ | J47: 1000 | K47: 8.98 | L47: 8.98 | N47: ΑΡΝΙ ΧΕΡΑΚΙ | O47: 2 | P47: 17.96 | Q47: 17.96 | S47: ΕΛΛΗΝΙΚΑ ΠΑΡΑΔΟΣΙΑΚΑ
A48: U6311 | B48: ΑΡΝΑΚΙ ΓΙΟΥΒΕΤΣΙ | D48: =VLOOKUP(F:F,Sheet1!A:B,2,FALSE) -> U3051 | F48: ΓΑΡΥΦΑΛΟ | H48: 10 | I48: ΕΛΛΗΝΙΚΑ ΠΑΡΑΔΟΣΙΑΚΑ | J48: 1000 | K48: 11.75 | L48: 11.75 | N48: ΓΑΡΥΦΑΛΟ | O48: 0.01 | P48: 0.12 | Q48: 0.12 | S48: ΕΛΛΗΝΙΚΑ ΠΑΡΑΔΟΣΙΑΚΑ
A49: U6311 | B49: ΑΡΝΑΚΙ ΓΙΟΥΒΕΤΣΙ | D49: =VLOOKUP(F:F,Sheet1!A:B,2,FALSE) -> U3072 | F49: ΖΑΧΑΡΗ | H49: 50 | I49: ΕΛΛΗΝΙΚΑ ΠΑΡΑΔΟΣΙΑΚΑ | J49: 1000 | K49: 0.91 | L49: 0.91 | N49: ΖΑΧΑΡΗ | O49: 0.05 | P49: 0.05 | Q49: 0.05 | S49: ΕΛΛΗΝΙΚΑ ΠΑΡΑΔΟΣΙΑΚΑ
A50: U6311 | B50: ΑΡΝΑΚΙ ΓΙΟΥΒΕΤΣΙ | D50: =VLOOKUP(F:F,Sheet1!A:B,2,FALSE) -> U3084 | F50: ΚΑΝΕΛΛΑ ΤΡΙΜΜΕΝΗ | H50: 5 | I50: ΕΛΛΗΝΙΚΑ ΠΑΡΑΔΟΣΙΑΚΑ | J50: 1000 | K50: 12.46 | L50: 12.46 | N50: ΚΑΝΕΛΛΑ ΤΡΙΜΜΕΝΗ | O50: 0.01 | P50: 0.06 | Q50: 0.06 | S50: ΕΛΛΗΝΙΚΑ ΠΑΡΑΔΟΣΙΑΚΑ
A51: U6311 | B51: ΑΡΝΑΚΙ ΓΙΟΥΒΕΤΣΙ | D51: =VLOOKUP(F:F,Sheet1!A:B,2,FALSE) -> U3114 | F51: ΚΡΕΜΜΥΔΙΑ ΞΕΡΑ | H51: 150 | I51: ΕΛΛΗΝΙΚΑ ΠΑΡΑΔΟΣΙΑΚΑ | J51: 1000 | K51: 0.6 | L51: 0.6 | N51: ΚΡΕΜΜΥΔΙΑ ΞΕΡΑ | O51: 0.15 | P51: 0.09 | Q51: 0.09 | S51: ΕΛΛΗΝΙΚΑ ΠΑΡΑΔΟΣΙΑΚΑ
A52: U6311 | B52: ΑΡΝΑΚΙ ΓΙΟΥΒΕΤΣΙ | D52: =VLOOKUP(F:F,Sheet1!A:B,2,FALSE) -> U3116 | F52: ΚΡΙΘΑΡΑΚΙ | H52: 1000 | I52: ΕΛΛΗΝΙΚΑ ΠΑΡΑΔΟΣΙΑΚΑ | J52: 1000 | K52: 1.15 | L52: 1.15 | N52: ΚΡΙΘΑΡΑΚΙ | O52: 1 | P52: 1.15 | Q52: 1.15 | S52: ΕΛΛΗΝΙΚΑ ΠΑΡΑΔΟΣΙΑΚΑ
A53: U6311 | B53: ΑΡΝΑΚΙ ΓΙΟΥΒΕΤΣΙ | D53: =VLOOKUP(F:F,Sheet1!A:B,2,FALSE) -> U3162 | F53: ΜΟΣΧΟΚΑΡΥΔΟ ΤΡΙΜ (0.5/ΤΜΧ) | H53: 10 | I53: ΕΛΛΗΝΙΚΑ ΠΑΡΑΔΟΣΙΑΚΑ | J53: 1000 | K53: 30.87 | L53: 30.87 | N53: ΜΟΣΧΟΚΑΡΥΔΟ ΤΡΙΜ (0.5/ΤΜΧ) | O53: 0.01 | P53: 0.31 | Q53: 0.31 | S53: ΕΛΛΗΝΙΚΑ ΠΑΡΑΔΟΣΙΑΚΑ
A54: U6311 | B54: ΑΡΝΑΚΙ ΓΙΟΥΒΕΤΣΙ | D54: =VLOOKUP(F:F,Sheet1!A:B,2,FALSE) -> U3169 | F54: ΜΠΑΧΑΡΙ | H54: 10 | I54: ΕΛΛΗΝΙΚΑ ΠΑΡΑΔΟΣΙΑΚΑ | J54: 1000 | K54: 14.05 | L54: 14.05 | N54: ΜΠΑΧΑΡΙ | O54: 0.01 | P54: 0.14 | Q54: 0.14 | S54: ΕΛΛΗΝΙΚΑ ΠΑΡΑΔΟΣΙΑΚΑ
A55: U6311 | B55: ΑΡΝΑΚΙ ΓΙΟΥΒΕΤΣΙ | D55: =VLOOKUP(F:F,Sheet1!A:B,2,FALSE) -> U3209 | F55: ΠΙΠΕΡΙ ΜΑΥΡΟ | H55: 10 | I55: ΕΛΛΗΝΙΚΑ ΠΑΡΑΔΟΣΙΑΚΑ | J55: 1000 | K55: 14.44 | L55: 14.44 | N55: ΠΙΠΕΡΙ ΜΑΥΡΟ | O55: 0.01 | P55: 0.14 | Q55: 0.14 | S55: ΕΛΛΗΝΙΚΑ ΠΑΡΑΔΟΣΙΑΚΑ
A56: U6311 | B56: ΑΡΝΑΚΙ ΓΙΟΥΒΕΤΣΙ | D56: =VLOOKUP(F:F,Sheet1!A:B,2,FALSE) -> U3221 | F56: ΠΟΛΤΟΣ ΤΟΜΑΤΑΣ | H56: 200 | I56: ΕΛΛΗΝΙΚΑ ΠΑΡΑΔΟΣΙΑΚΑ | J56: 1000 | K56: 3.01 | L56: 3.01 | N56: ΠΟΛΤΟΣ ΤΟΜΑΤΑΣ | O56: 0.2 | P56: 0.6 | Q56: 0.6 | S56: ΕΛΛΗΝΙΚΑ ΠΑΡΑΔΟΣΙΑΚΑ
A57: U6311 | B57: ΑΡΝΑΚΙ ΓΙΟΥΒΕΤΣΙ | D57: =VLOOKUP(F:F,Sheet1!A:B,2,FALSE) -> U3262 | F57: ΣΚΟΡΔΑ | H57: 50 | I57: ΕΛΛΗΝΙΚΑ ΠΑΡΑΔΟΣΙΑΚΑ | J57: 1000 | K57: 5.5 | L57: 5.5 | N57: ΣΚΟΡΔΑ | O57: 0.05 | P57: 0.28 | Q57: 0.28 | S57: ΕΛΛΗΝΙΚΑ ΠΑΡΑΔΟΣΙΑΚΑ
... A68: U6316 | B68: ΑΡΝΑΚΙ ΦΡΙΚΑΣΕ 2ΚΙΛΑ | D68: =VLOOKUP(F:F,Sheet1!A:B,2,FALSE) -> U3262 | F68: ΣΚΟΡΔΑ | H68: 5 | I68: ΕΛΛΗΝΙΚΑ ΠΑΡΑΔΟΣΙΑΚΑ | J68: 1000 | K68: 5.5 | L68: 5.5 | N68: ΣΚΟΡΔΑ | O68: 0.01 | P68: 0.03 | Q68: 0.03 | S68: ΕΛΛΗΝΙΚΑ ΠΑΡΑΔΟΣΙΑΚΑ
A69: U6129 | B69: ΑΡΝΙ ΚΟΤΣΙ | C69: ROAST LAMB | D69: =VLOOKUP(F:F,Sheet1!A:B,2,FALSE) -> U3014 | F69: ΑΛΑΤΙ | H69: ΧΩΡΙΣ ΠΟΣΟΤΗΤΑ | I69: ΕΛΛΗΝΙΚΑ ΠΑΡΑΔΟΣΙΑΚΑ | J69: 1000
A70: U6129 | B70: ΑΡΝΙ ΚΟΤΣΙ | C70: ROAST LAMB | D70: =VLOOKUP(F:F,Sheet1!A:B,2,FALSE) -> U3028 | F70: ΑΡΝΙ ΚΟΤΣΙ | H70: 200 | I70: ΕΛΛΗΝΙΚΑ ΠΑΡΑΔΟΣΙΑΚΑ | J70: 1000 | K70: 12.63 | L70: 12.63 | N70: ΑΡΝΙ ΚΟΤΣΙ | O70: 0.2 | P70: 2.53 | Q70: 2.53 | S70: ΕΛΛΗΝΙΚΑ ΠΑΡΑΔΟΣΙΑΚΑ
A71: U6129 | B71: ΑΡΝΙ ΚΟΤΣΙ | C71: ROAST LAMB | D71: =VLOOKUP(F:F,Sheet1!A:B,2,FALSE) -> U3127 | F71: ΛΕΜΟΝΙ | H71: 50 | I71: ΕΛΛΗΝΙΚΑ ΠΑΡΑΔΟΣΙΑΚΑ | J71: 1000
A72: U6129 | B72: ΑΡΝΙ ΚΟΤΣΙ | C72: ROAST LAMB | D72: =VLOOKUP(F:F,Sheet1!A:B,2,FALSE) -> #N/A | F72: ΜΕΛΙ | H72: 10 | I72: ΕΛΛΗΝΙΚΑ ΠΑΡΑΔΟΣΙΑΚΑ | J72: 1000
A73: U6129 | B73: ΑΡΝΙ ΚΟΤΣΙ | C73: ROAST LAMB | D73: =VLOOKUP(F:F,Sheet1!A:B,2,FALSE) -> U3166 | F73: ΜΟΥΣΤΑΡΔΑ | H73: 30 | I73: ΕΛΛΗΝΙΚΑ ΠΑΡΑΔΟΣΙΑΚΑ | J73: 1000
A74: U6129 | B74: ΑΡΝΙ ΚΟΤΣΙ | C74: ROAST LAMB | D74: =VLOOKUP(F:F,Sheet1!A:B,2,FALSE) -> U3202 | F74: ΠΑΤΑΤΕΣ | H74: 100 | I74: ΕΛΛΗΝΙΚΑ ΠΑΡΑΔΟΣΙΑΚΑ | J74: 1000 | K74: 0.55 | L74: 0.55 | N74: ΠΑΤΑΤΕΣ | O74: 0.1 | P74: 0.06 | Q74: 0.06 | S74: ΕΛΛΗΝΙΚΑ ΠΑΡΑΔΟΣΙΑΚΑ
A75: U6129 | B75: ΑΡΝΙ ΚΟΤΣΙ | C75: ROAST LAMB | D75: =VLOOKUP(F:F,Sheet1!A:B,2,FALSE) -> U3209 | F75: ΠΙΠΕΡΙ ΜΑΥΡΟ | H75: ΧΩΡΙΣ ΠΟΣΟΤΗΤΑ | I75: ΕΛΛΗΝΙΚΑ ΠΑΡΑΔΟΣΙΑΚΑ | J75: 1000
A76: U6129 | B76: ΑΡΝΙ ΚΟΤΣΙ | C76: ROAST LAMB | D76: =VLOOKUP(F:F,Sheet1!A:B,2,FALSE) -> U3222 | F76: ΠΟΡΤΟΚΑΛΙΑ | H76: 50 | I76: ΕΛΛΗΝΙΚΑ ΠΑΡΑΔΟΣΙΑΚΑ | J76: 1000
A77: U6129 | B77: ΑΡΝΙ ΚΟΤΣΙ | C77: ROAST LAMB | D77: =VLOOKUP(F:F,Sheet1!A:B,2,FALSE) -> U3231 | F77: ΡΙΓΑΝΗ | H77: 10 | I77: ΕΛΛΗΝΙΚΑ ΠΑΡΑΔΟΣΙΑΚΑ | J77: 1000
A78: U6129 | B78: ΑΡΝΙ ΚΟΤΣΙ | C78: ROAST LAMB | D78: =VLOOKUP(F:F,Sheet1!A:B,2,FALSE) -> U3262 | F78: ΣΚΟΡΔΑ | H78: 10 | I78: ΕΛΛΗΝΙΚΑ ΠΑΡΑΔΟΣΙΑΚΑ | J78: 1000
A79: U6317 | B79: ΒΑΦΛΑ | D79: =VLOOKUP(F:F,Sheet1!A:B,2,FALSE) -> U3019 | F79: ΑΛΕΥΡΙ ΒΑΦΛΑΣ | H79: 1700 | I79: ΕΝΔΙΑΜΕΣΑ | J79: 1000 | K79: 4.55 | L79: 4.55 | N79: ΑΛΕΥΡΙ ΒΑΦΛΑΣ | O79: 1.7 | P79: 7.74 | Q79: 7.74 | S79: ΕΝΔΙΑΜΕΣΑ
A80: U6317 | B80: ΒΑΦΛΑ | D80: =VLOOKUP(F:F,Sheet1!A:B,2,FALSE) -> U3030 | F80: ΑΥΓΑ | H80: 12 | I80: ΕΝΔΙΑΜΕΣΑ | J80: 1 | K80: 0.27 | L80: 0.27 | N80: ΑΥΓΑ | O80: 12 | P80: 3.24 | Q80: 3.24 | S80: ΕΝΔΙΑΜΕΣΑ
A81: U6317 | B81: ΒΑΦΛΑ | D81: =VLOOKUP(F:F,Sheet1!A:B,2,FALSE) -> U3042 | F81: ΒΟΥΤΥΡΟ ΒΑΦΛΑΣ | H81: 500 | I81: ΕΝΔΙΑΜΕΣΑ | J81: 1000 | K81: 30.97 | L81: 30.97 | N81: ΒΟΥΤΥΡΟ ΒΑΦΛΑΣ | O81: 0.5 | P81: 15.49 | Q81: 15.49 | S81: ΕΝΔΙΑΜΕΣΑ
A82: U6317 | B82: ΒΑΦΛΑ | D82: =VLOOKUP(F:F,Sheet1!A:B,2,FALSE) -> U3182 | F82: ΝΕΡΟ | H82: 2000 | I82: ΕΝΔΙΑΜΕΣΑ | J82: 1000 | K82: 0.23 | L82: 0.23 | N82: ΝΕΡΟ | O82: 2 | P82: 0.46 | Q82: 0.46 | S82: ΕΝΔΙΑΜΕΣΑ
A83: U6317 | B83: ΒΑΦΛΑ ΝΟΥΤΕΛΑ | D83: =VLOOKUP(F:F,Sheet1!A:B,2,FALSE) -> U3038 | F83: ΒΑΦΛΑ | H83: 1 | I83: ΠΡΩΙΝΟ | J83: 1 | L83: 2.34 | N83: ΒΑΦΛΑ | O83: 1 | P83: 0 | Q83: 2.34 | S83: ΠΡΩΙΝΟ | U83: ΒΑΦΛΑ ΝΟΥΤΕΛΑ | V83: OIK512
A84: U6317 | B84: ΒΑΦΛΑ ΝΟΥΤΕΛΑ | D84: =VLOOKUP(F:F,Sheet1!A:B,2,FALSE) -> U3184 | F84: ΝΟΥΚΡΕΜΑ | H84: 100 | I84: ΠΡΩΙΝΟ | J84: 1000 | K84: 5.65 | L84: 5.65 | N84: ΝΟΥΚΡΕΜΑ | O84: 0.04 | P84: 0.23 | Q84: 0.23 | S84: ΠΡΩΙΝΟ | U84: ΒΑΦΛΑ ΝΟΥΤΕΛΑ | V84: OIK512
A85: U6297 | B85: ΒΟΤΑΝΟΤΥΡΑΚΙΑ | C85: VOTANOTIRI | D85: =VLOOKUP(F:F,Sheet1!A:B,2,FALSE) -> #N/A | F85: ΚΑΤΣΙΚΙΣΙΟ ΤΥΡΙ | H85: 50 | I85: ΤΥΡΙΑ | J85: 1000 | O85: 0.05 | P85: 0 | Q85: 0 | S85: ΤΥΡΙΑ
A86: U6144 | B86: ΓΑΛΑΚΤΟΜΠΟΥΡΕΚΟ 20 ΜΕΡΙΔΕΣ | C86: GALAKTOMPOUREKO 20 ΜΕΡΙΔΕΣ | D86: =VLOOKUP(F:F,Sheet1!A:B,2,FALSE) -> U3030 | F86: ΑΥΓΑ | H86: 5 | I86: ΕΠΙΔΟΡΠΙΑ | J86: 1 | K86: 0.27 | L86: 0.27 | N86: ΑΥΓΑ | O86: 5 | P86: 1.35 | Q86: 1.35 | S86: ΕΠΙΔΟΡΠΙΑ
A87: U6144 | B87: ΓΑΛΑΚΤΟΜΠΟΥΡΕΚΟ 20 ΜΕΡΙΔΕΣ | C87: GALAKTOMPOUREKO 20 ΜΕΡΙΔΕΣ | D87: =VLOOKUP(F:F,Sheet1!A:B,2,FALSE) -> U3034 | F87: ΒΑΝΙΛΙΑ | H87: 160 | I87: ΕΠΙΔΟΡΠΙΑ | J87: 1000 | K87: 34.07 | L87: 34.07 | N87: ΒΑΝΙΛΙΑ | O87: 0.16 | P87: 5.45 | Q87: 5.45 | S87: ΕΠΙΔΟΡΠΙΑ
A88: U6144 | B88: ΓΑΛΑΚΤΟΜΠΟΥΡΕΚΟ 20 ΜΕΡΙΔΕΣ | C88: GALAKTOMPOUREKO 20 ΜΕΡΙΔΕΣ | D88: =VLOOKUP(F:F,Sheet1!A:B,2,FALSE) -> U3034 | F88: ΒΑΝΙΛΙΑ | H88: 2 | I88: ΕΠΙΔΟΡΠΙΑ | J88: 1000 | K88: 34.07 | L88: 34.07 | N88: ΒΑΝΙΛΙΑ | O88: 0 | P88: 0.07 | Q88: 0.07 | S88: ΕΠΙΔΟΡΠΙΑ
A89: U6144 | B89: ΓΑΛΑΚΤΟΜΠΟΥΡΕΚΟ 20 ΜΕΡΙΔΕΣ | C89: GALAKTOMPOUREKO 20 ΜΕΡΙΔΕΣ | D89: =VLOOKUP(F:F,Sheet1!A:B,2,FALSE) -> U3034 | F89: ΒΑΝΙΛΙΑ | H89: 1 | I89: ΕΠΙΔΟΡΠΙΑ | J89: 1
A90: U6144 | B90: ΓΑΛΑΚΤΟΜΠΟΥΡΕΚΟ 20 ΜΕΡΙΔΕΣ | C90: GALAKTOMPOUREKO 20 ΜΕΡΙΔΕΣ | D90: =VLOOKUP(F:F,Sheet1!A:B,2,FALSE) -> U3044 | F90: ΒΟΥΤΥΡΟ ΦΡΕΣΚΟ | H90: 100 | I90: ΕΠΙΔΟΡΠΙΑ | J90: 1000 | K90: 12.11 | L90: 12.11 | N90: ΒΟΥΤΥΡΟ ΦΡΕΣΚΟ | O90: 0.1 | P90: 1.21 | Q90: 1.21 | S90: ΕΠΙΔΟΡΠΙΑ
A91: U6144 | B91: ΓΑΛΑΚΤΟΜΠΟΥΡΕΚΟ 20 ΜΕΡΙΔΕΣ | C91: GALAKTOMPOUREKO 20 ΜΕΡΙΔΕΣ | D91: =VLOOKUP(F:F,Sheet1!A:B,2,FALSE) -> U3045 | F91: ΓΑΛΑ | H91: 2000 | I91: ΕΠΙΔΟΡΠΙΑ | J91: 1000 | K91: 1 | L91: 1 | N91: ΓΑΛΑ | O91: 2 | P91: 2 | Q91: 2 | S91: ΕΠΙΔΟΡΠΙΑ
A92: U6144 | B92: ΓΑΛΑΚΤΟΜΠΟΥΡΕΚΟ 20 ΜΕΡΙΔΕΣ | C92: GALAKTOMPOUREKO 20 ΜΕΡΙΔΕΣ | D92: =VLOOKUP(F:F,Sheet1!A:B,2,FALSE) -> U3072 | F92: ΖΑΧΑΡΗ | H92: 2000 | I92: ΕΠΙΔΟΡΠΙΑ | J92: 1000 | K92: 0.91 | L92: 0.91 | N92: ΖΑΧΑΡΗ | O92: 2 | P92: 1.82 | Q92: 1.82 | S92: ΕΠΙΔΟΡΠΙΑ
A93: U6144 | B93: ΓΑΛΑΚΤΟΜΠΟΥΡΕΚΟ 20 ΜΕΡΙΔΕΣ | C93: GALAKTOMPOUREKO 20 ΜΕΡΙΔΕΣ | D93: =VLOOKUP(F:F,Sheet1!A:B,2,FALSE) -> U3084 | F93: ΚΑΝΕΛΛΑ ΤΡΙΜΜΕΝΗ | H93: 20 | I93: ΕΠΙΔΟΡΠΙΑ | J93: 1000 | K93: 12.46 | L93: 12.46 | N93: ΚΑΝΕΛΛΑ ΤΡΙΜΜΕΝΗ | O93: 0.02 | P93: 0.25 | Q93: 0.25 | S93: ΕΠΙΔΟΡΠΙΑ
A94: U6144 | B94: ΓΑΛΑΚΤΟΜΠΟΥΡΕΚΟ 20 ΜΕΡΙΔΕΣ | C94: GALAKTOMPOUREKO 20 ΜΕΡΙΔΕΣ | D94: =VLOOKUP(F:F,Sheet1!A:B,2,FALSE) -> U3222 | F94: ΠΟΡΤΟΚΑΛΙΑ | H94: 60 | I94: ΕΠΙΔΟΡΠΙΑ | J94: 1000 | K94: 0.8 | L94: 0.8 | N94: ΠΟΡΤΟΚΑΛΙΑ | O94: 0.06 | P94: 0.05 | Q94: 0.05 | S94: ΕΠΙΔΟΡΠΙΑ
A95: U6144 | B95: ΓΑΛΑΚΤΟΜΠΟΥΡΕΚΟ 20 ΜΕΡΙΔΕΣ | C95: GALAKTOMPOUREKO 20 ΜΕΡΙΔΕΣ | D95: =VLOOKUP(F:F,Sheet1!A:B,2,FALSE) -> U3259 | F95: ΣΙΜΙΓΔΑΛΙ ΧΟΝΔΡΟ 500ΓΡ | H95: 80 | I95: ΕΠΙΔΟΡΠΙΑ | J95: 1000 | K95: 2.52 | L95: 2.52 | N95: ΣΙΜΙΓΔΑΛΙ ΧΟΝΔΡΟ 500ΓΡ | O95: 0.08 | P95: 0.2 | Q95: 0.2 | S95: ΕΠΙΔΟΡΠΙΑ
A96: U6144 | B96: ΓΑΛΑΚΤΟΜΠΟΥΡΕΚΟ 20 ΜΕΡΙΔΕΣ | C96: GALAKTOMPOUREKO 20 ΜΕΡΙΔΕΣ | D96: =VLOOKUP(F:F,Sheet1!A:B,2,FALSE) -> U3260 | F96: ΣΙΜΙΓΔΑΛΙ ΨΙΛΟ 400 | H96: 120 | I96: ΕΠΙΔΟΡΠΙΑ | J96: 1000 | K96: 2.52 | L96: 2.52 | N96: ΣΙΜΙΓΔΑΛΙ ΨΙΛΟ 400 | O96: 0.12 | P96: 0.3 | Q96: 0.3 | S96: ΕΠΙΔΟΡΠΙΑ
A97: U6144 | B97: ΓΑΛΑΚΤΟΜΠΟΥΡΕΚΟ 20 ΜΕΡΙΔΕΣ | C97: GALAKTOMPOUREKO 20 ΜΕΡΙΔΕΣ | D97: =VLOOKUP(F:F,Sheet1!A:B,2,FALSE) -> U3308 | F97: ΦΥΛΛΟ ΚΡΟΥΣΤΑΣ 450 | H97: 500 | I97: ΕΠΙΔΟΡΠΙΑ | J97: 1000 | K97: 4.18 | L97: 4.18 | N97: ΦΥΛΛΟ ΚΡΟΥΣΤΑΣ 450 | O97: 0.5 | P97: 2.09 | Q97: 2.09 | S97: ΕΠΙΔΟΡΠΙΑ
A98: U6319 | B98: ΓΑΛΑΤΟΠΙΤΑ 8 ΜΕΡΙΔΕΣ | D98: =VLOOKUP(F:F,Sheet1!A:B,2,FALSE) -> U3030 | F98: ΑΥΓΑ | H98: 7 | I98: ΠΡΩΙΝΟ | J98: 1 | K98: 0.27 | L98: 0.27 | N98: ΑΥΓΑ | O98: 7 | P98: 1.89 | Q98: 1.89 | S98: ΠΡΩΙΝΟ | U98: ΓΑΛΑΤΟΠΙΤΑ 8 ΜΕΡΙΔΕΣ | V98: OIK512
A99: U6319 | B99: ΓΑΛΑΤΟΠΙΤΑ 8 ΜΕΡΙΔΕΣ | D99: =VLOOKUP(F:F,Sheet1!A:B,2,FALSE) -> U3044 | F99: ΒΟΥΤΥΡΟ ΦΡΕΣΚΟ | H99: 70 | I99: ΠΡΩΙΝΟ | J99: 1000 | K99: 12.11 | L99: 12.11 | N99: ΒΟΥΤΥΡΟ ΦΡΕΣΚΟ | O99: 0.07 | P99: 0.85 | Q99: 0.85 | S99: ΠΡΩΙΝΟ | U99: ΓΑΛΑΤΟΠΙΤΑ 8 ΜΕΡΙΔΕΣ | V99: OIK512
A100: U6319 | B100: ΓΑΛΑΤΟΠΙΤΑ 8 ΜΕΡΙΔΕΣ | D100: =VLOOKUP(F:F,Sheet1!A:B,2,FALSE) -> U3045 | F100: ΓΑΛΑ | H100: 2000 | I100: ΠΡΩΙΝΟ | J100: 1000 | K100: 1 | L100: 1 | N100: ΓΑΛΑ | O100: 2 | P100: 2 | Q100: 2 | S100: ΠΡΩΙΝΟ | U100: ΓΑΛΑΤΟΠΙΤΑ 8 ΜΕΡΙΔΕΣ | V100: OIK512
A101: U6319 | B101: ΓΑΛΑΤΟΠΙΤΑ 8 ΜΕΡΙΔΕΣ | D101: =VLOOKUP(F:F,Sheet1!A:B,2,FALSE) -> U3072 | F101: ΖΑΧΑΡΗ | H101: 400 | I101: ΠΡΩΙΝΟ | J101: 1000 | K101: 0.91 | L101: 0.91 | N101: ΖΑΧΑΡΗ | O101: 0.4 | P101: 0.36 | Q101: 0.36 | S101: ΠΡΩΙΝΟ | U101: ΓΑΛΑΤΟΠΙΤΑ 8 ΜΕΡΙΔΕΣ | V101: OIK512
A102: U6319 | B102: ΓΑΛΑΤΟΠΙΤΑ 8 ΜΕΡΙΔΕΣ | D102: =VLOOKUP(F:F,Sheet1!A:B,2,FALSE) -> U3222 | F102: ΠΟΡΤΟΚΑΛΙΑ | H102: 180 | I102: ΠΡΩΙΝΟ | J102: 1000 | K102: 0.8 | L102: 0.8 | N102: ΠΟΡΤΟΚΑΛΙΑ | O102: 0.18 | P102: 0.14 | Q102: 0.14 | S102: ΠΡΩΙΝΟ | U102: ΓΑΛΑΤΟΠΙΤΑ 8 ΜΕΡΙΔΕΣ | V102: OIK512
A103: U6319 | B103: ΓΑΛΑΤΟΠΙΤΑ 8 ΜΕΡΙΔΕΣ | D103: =VLOOKUP(F:F,Sheet1!A:B,2,FALSE) -> U3259 | F103: ΣΙΜΙΓΔΑΛΙ ΧΟΝΔΡΟ 500ΓΡ | H103: 50 | I103: ΠΡΩΙΝΟ | J103: 1000 | K103: 2.52 | L103: 2.52 | N103: ΣΙΜΙΓΔΑΛΙ ΧΟΝΔΡΟ 500ΓΡ | O103: 0.05 | P103: 0.13 | Q103: 0.13 | S103: ΠΡΩΙΝΟ | U103: ΓΑΛΑΤΟΠΙΤΑ 8 ΜΕΡΙΔΕΣ | V103: OIK512
A104: U6319 | B104: ΓΑΛΑΤΟΠΙΤΑ 8 ΜΕΡΙΔΕΣ | D104: =VLOOKUP(F:F,Sheet1!A:B,2,FALSE) -> U3260 | F104: ΣΙΜΙΓΔΑΛΙ ΨΙΛΟ 400 | H104: 70 | I104: ΠΡΩΙΝΟ | J104: 1000 | K104: 2.52 | L104: 2.52 | N104: ΣΙΜΙΓΔΑΛΙ ΨΙΛΟ 400 | O104: 0.07 | P104: 0.18 | Q104: 0.18 | S104: ΠΡΩΙΝΟ | U104: ΓΑΛΑΤΟΠΙΤΑ 8 ΜΕΡΙΔΕΣ | V104: OIK512
A105: U6319 | B105: ΓΑΛΑΤΟΠΙΤΑ 8 ΜΕΡΙΔΕΣ | D105: =VLOOKUP(F:F,Sheet1!A:B,2,FALSE) -> U3309 | F105: ΦΥΛΛΟ ΧΕΙΡΟΠΟΙΗΤΟ 4 ΦΥΛΛΑ | H105: 2 | I105: ΠΡΩΙΝΟ | J105: 1000 | L105: 0.48 | N105: ΦΥΛΛΟ ΧΕΙΡΟΠΟΙΗΤΟ 4 ΦΥΛΛΑ | O105: 0 | P105: 0 | Q105: 0 | S105: ΠΡΩΙΝΟ | U105: ΓΑΛΑΤΟΠΙΤΑ 8 ΜΕΡΙΔΕΣ | V105: OIK512
B106: ΓΑΡΙΔΕΣ ΜΕΘΥΣΜΕΝΕΣ (ΣΑΓΑΝΑΚΙ) 3ΜΕΡΙΔΕΣ | D106: =VLOOKUP(F:F,Sheet1!A:B,2,FALSE) -> U3050 | F106: ΓΑΡΙΔΕΣ | H106: 200 | I106: ΟΡΕΚΤΙΚΑ | J106: 1000 | K106: 8.93 | L106: 8.93 | N106: ΓΑΡΙΔΕΣ | O106: 0.2 | P106: 1.79 | Q106: 1.79 | S106: ΟΡΕΚΤΙΚΑ
B107: ΓΑΡΙΔΕΣ ΜΕΘΥΣΜΕΝΕΣ (ΣΑΓΑΝΑΚΙ) 3ΜΕΡΙΔΕΣ | D107: =VLOOKUP(F:F,Sheet1!A:B,2,FALSE) -> U3248 | F107: ΣΑΛΤΣΑ ΝΤΟΜΑΤΑΣ | H107: 200 | I107: ΟΡΕΚΤΙΚΑ | J107: 1000 | N107: ΣΑΛΤΣΑ ΝΤΟΜΑΤΑΣ | O107: 0.2 | P107: 0 | Q107: 0 | S107: ΟΡΕΚΤΙΚΑ
B108: ΓΑΡΙΔΕΣ ΜΕΘΥΣΜΕΝΕΣ (ΣΑΓΑΝΑΚΙ) 3ΜΕΡΙΔΕΣ | D108: =VLOOKUP(F:F,Sheet1!A:B,2,FALSE) -> U3298 | F108: ΦΕΤΑ ΛΕΥΚΟ ΤΥΡΙ | H108: 100 | I108: ΟΡΕΚΤΙΚΑ | J108: 1000 | K108: 5.9 | L108: 5.9 | N108: ΦΕΤΑ ΛΕΥΚΟ ΤΥΡΙ | O108: 0.1 | P108: 0.59 | Q108: 0.59 | S108: ΟΡΕΚΤΙΚΑ
B109: ΓΑΡΙΔΟΜΑΚΑΡΟΝΑΔΑ | D109: =VLOOKUP(F:F,Sheet1!A:B,2,FALSE) -> U3050 | F109: ΓΑΡΙΔΕΣ | H109: 120 | I109: ΠΑΣΤΕΣ - ΡΙΖΟΤΑ | J109: 1000 | K109: 8.93 | L109: 8.93 | N109: ΓΑΡΙΔΕΣ | O109: 0.12 | P109: 1.07 | Q109: 1.07 | S109: ΠΑΣΤΕΣ - ΡΙΖΟΤΑ
B110: ΓΑΡΙΔΟΜΑΚΑΡΟΝΑΔΑ | D110: =VLOOKUP(F:F,Sheet1!A:B,2,FALSE) -> U3142 | F110: ΜΑΙΝΤΑΝΟΣ | H110: 30 | I110: ΠΑΣΤΕΣ - ΡΙΖΟΤΑ | J110: 1000 | K110: 1.5 | L110: 1.5 | N110: ΜΑΙΝΤΑΝΟΣ | O110: 0.03 | P110: 0.05 | Q110: 0.05 | S110: ΠΑΣΤΕΣ - ΡΙΖΟΤΑ
...

Sheet Sheet1
A1: ΒΑΣΙΛΙΚΟΣ | B1: U3001
A2: ΚΕΦΑΛΟΓΡΑΒΙΕΡΑ | B2: U3002
A3: ΞΙΝΟ ΝΕΡΟ 250 | B3: U3003
A4: CHIA ΣΠΟΡΟΙ | B4: U3004
A5: DRESSING ΣΑΛΑΤΑ ΟΣΠΡΙΩΝ | B5: U3005
A6: DRESSING ΣΑΛΑΤΑ ΤΣΑΛΑΦΟΥΤΙ | B6: U3006
A7: GOJIBERRIES ΑΠΟΞΗΡΑΜΕΝΑ | B7: U3007
A8: MEDALLION | B8: U3008
A9: MEDALLION ΚΑΤΣ.ΜΑΛ.ΤΥΡΙ ΠΑΠΡΙΚΑ-ΒΑΣ 100γρ | B9: U3009
A10: REZZANO | B10: U3010
A11: VINEGRET ΒΑΛΣΑΜΙΚΟ | B11: U3011
A12: WORCESTER | B12: U3012
... A331: ΨΩΜΙ ΧΩΡΙΑΤΙΚΟ | B331: U3331
